index,filename,mean_abs_diff_vs_prev_gray8,cells_excluded_as_overlay
0,frame_000000.jpg,,
1,frame_000001.jpg,0.3501,39
2,frame_000002.jpg,0.3482,39
3,frame_000003.jpg,0.3486,36
4,frame_000004.jpg,0.3545,36
5,frame_000005.jpg,0.354,36
6,frame_000006.jpg,0.3491,36
7,frame_000007.jpg,0.3552,39
8,frame_000008.jpg,0.3505,39
9,frame_000009.jpg,0.3491,39
10,frame_000010.jpg,0.3521,36
11,frame_000011.jpg,0.3524,36
12,frame_000012.jpg,0.3521,39
13,frame_000013.jpg,0.3505,39
14,frame_000014.jpg,0.3484,36
15,frame_000015.jpg,0.354,36
16,frame_000016.jpg,0.3566,36
17,frame_000017.jpg,0.35,36
18,frame_000018.jpg,0.3511,39
19,frame_000019.jpg,0.3459,38
20,frame_000020.jpg,0.3518,38
21,frame_000021.jpg,0.3462,39
22,frame_000022.jpg,0.3482,39
23,frame_000023.jpg,0.3479,39
24,frame_000024.jpg,0.35,39
25,frame_000025.jpg,0.353,39
26,frame_000026.jpg,0.3556,39
27,frame_000027.jpg,0.3524,39
28,frame_000028.jpg,0.3508,38
29,frame_000029.jpg,0.3453,36
30,frame_000030.jpg,0.3448,36
31,frame_000031.jpg,0.3455,39
32,frame_000032.jpg,0.3484,39
33,frame_000033.jpg,0.3469,38
34,frame_000034.jpg,0.3507,36
35,frame_000035.jpg,0.3548,39
36,frame_000036.jpg,0.3449,39
37,frame_000037.jpg,0.3425,38
38,frame_000038.jpg,0.3419,38
39,frame_000039.jpg,0.3467,39
40,frame_000040.jpg,0.353,36
41,frame_000041.jpg,0.3516,36
42,frame_000042.jpg,0.3532,36
43,frame_000043.jpg,0.3516,36
44,frame_000044.jpg,0.3434,35
45,frame_000045.jpg,0.3471,35
46,frame_000046.jpg,0.3495,36
47,frame_000047.jpg,0.3466,37
48,frame_000048.jpg,0.345,39
49,frame_000049.jpg,0.3451,38
50,frame_000050.jpg,0.3475,38
51,frame_000051.jpg,0.3445,38
52,frame_000052.jpg,0.3449,38
53,frame_000053.jpg,0.3515,39
54,frame_000054.jpg,0.3451,40
55,frame_000055.jpg,0.3515,40
56,frame_000056.jpg,0.3482,39
57,frame_000057.jpg,0.3543,39
58,frame_000058.jpg,0.3519,39
59,frame_000059.jpg,0.3463,35
60,frame_000060.jpg,0.357,35
61,frame_000061.jpg,0.3517,39
62,frame_000062.jpg,0.3527,40
63,frame_000063.jpg,0.3478,38
64,frame_000064.jpg,0.346,45
65,frame_000065.jpg,0.3491,42
66,frame_000066.jpg,0.3529,44
67,frame_000067.jpg,0.3562,44
68,frame_000068.jpg,0.353,45
69,frame_000069.jpg,0.3503,45
70,frame_000070.jpg,0.3468,34
71,frame_000071.jpg,0.3479,34
72,frame_000072.jpg,0.3476,34
73,frame_000073.jpg,0.3494,34
74,frame_000074.jpg,0.3516,30
75,frame_000075.jpg,0.3548,30
76,frame_000076.jpg,0.3573,38
77,frame_000077.jpg,0.3414,33
78,frame_000078.jpg,0.3551,34
79,frame_000079.jpg,0.3491,31
80,frame_000080.jpg,0.3498,37
81,frame_000081.jpg,0.3451,41
82,frame_000082.jpg,0.3557,40
83,frame_000083.jpg,0.3478,41
84,frame_000084.jpg,0.3438,50
85,frame_000085.jpg,0.3557,44
86,frame_000086.jpg,0.3452,30
87,frame_000087.jpg,0.3493,27
88,frame_000088.jpg,0.3482,33
89,frame_000089.jpg,0.3532,30
90,frame_000090.jpg,0.3532,28
91,frame_000091.jpg,0.3514,32
92,frame_000092.jpg,0.3507,32
93,frame_000093.jpg,0.3503,0
94,frame_000094.jpg,0.3443,0
95,frame_000095.jpg,0.3479,0
96,frame_000096.jpg,0.3513,0
97,frame_000097.jpg,0.3512,30
98,frame_000098.jpg,0.3484,30
99,frame_000099.jpg,0.344,30
100,frame_000100.jpg,0.3452,30
101,frame_000101.jpg,0.3486,30
102,frame_000102.jpg,0.357,40
103,frame_000103.jpg,0.3579,40
104,frame_000104.jpg,0.3589,30
105,frame_000105.jpg,0.3539,30
106,frame_000106.jpg,0.3518,30
107,frame_000107.jpg,0.3443,30
108,frame_000108.jpg,0.3406,30
109,frame_000109.jpg,0.3467,27
110,frame_000110.jpg,0.3514,32
111,frame_000111.jpg,0.3547,30
112,frame_000112.jpg,0.3563,39
113,frame_000113.jpg,0.3554,65
114,frame_000114.jpg,0.3529,65
115,frame_000115.jpg,0.3475,39
116,frame_000116.jpg,0.3434,39
117,frame_000117.jpg,0.3526,40
118,frame_000118.jpg,0.3432,40
119,frame_000119.jpg,0.3472,48
120,frame_000120.jpg,0.3488,48
121,frame_000121.jpg,0.3454,33
122,frame_000122.jpg,0.3511,40
123,frame_000123.jpg,0.3513,40
124,frame_000124.jpg,0.3576,40
125,frame_000125.jpg,0.3573,43
126,frame_000126.jpg,0.3549,31
127,frame_000127.jpg,0.3457,36
128,frame_000128.jpg,0.3507,34
129,frame_000129.jpg,0.3434,37
130,frame_000130.jpg,0.3451,38
131,frame_000131.jpg,0.3503,39
132,frame_000132.jpg,0.3473,34
133,frame_000133.jpg,0.3472,28
134,frame_000134.jpg,0.3517,32
135,frame_000135.jpg,0.3493,33
136,frame_000136.jpg,0.3472,32
137,frame_000137.jpg,0.3485,32
138,frame_000138.jpg,0.352,32
139,frame_000139.jpg,0.3555,35
140,frame_000140.jpg,0.3508,29
141,frame_000141.jpg,0.3531,38
142,frame_000142.jpg,0.3483,38
143,frame_000143.jpg,0.3464,32
144,frame_000144.jpg,0.3463,32
145,frame_000145.jpg,0.3479,32
146,frame_000146.jpg,0.3493,32
147,frame_000147.jpg,0.3515,28
148,frame_000148.jpg,0.3466,30
149,frame_000149.jpg,0.3534,29
150,frame_000150.jpg,0.3522,29
151,frame_000151.jpg,0.3566,30
152,frame_000152.jpg,0.3461,30
153,frame_000153.jpg,0.3546,30
154,frame_000154.jpg,0.3455,31
155,frame_000155.jpg,0.348,34
156,frame_000156.jpg,0.3469,38
157,frame_000157.jpg,0.3502,38
158,frame_000158.jpg,0.3507,38
159,frame_000159.jpg,0.3489,38
160,frame_000160.jpg,0.3493,38
161,frame_000161.jpg,0.3486,38
162,frame_000162.jpg,0.352,32
163,frame_000163.jpg,0.3525,34
164,frame_000164.jpg,0.3546,34
165,frame_000165.jpg,0.3439,32
166,frame_000166.jpg,0.3465,32
167,frame_000167.jpg,0.3453,34
168,frame_000168.jpg,0.3439,34
169,frame_000169.jpg,0.3469,34
170,frame_000170.jpg,0.3469,34
171,frame_000171.jpg,0.3476,31
172,frame_000172.jpg,0.3457,31
173,frame_000173.jpg,0.3463,31
174,frame_000174.jpg,0.3544,36
175,frame_000175.jpg,0.3514,35
176,frame_000176.jpg,0.3483,37
177,frame_000177.jpg,0.3501,37
178,frame_000178.jpg,0.3521,37
179,frame_000179.jpg,0.3461,44
180,frame_000180.jpg,0.3494,40
181,frame_000181.jpg,0.3538,40
182,frame_000182.jpg,0.3461,38
183,frame_000183.jpg,0.3466,40
184,frame_000184.jpg,0.3553,42
185,frame_000185.jpg,0.3464,34
186,frame_000186.jpg,0.3496,34
187,frame_000187.jpg,0.3487,34
188,frame_000188.jpg,0.3482,34
189,frame_000189.jpg,0.337,42
190,frame_000190.jpg,0.3497,40
191,frame_000191.jpg,0.3517,42
192,frame_000192.jpg,0.3462,38
193,frame_000193.jpg,0.3524,38
194,frame_000194.jpg,0.345,33
195,frame_000195.jpg,0.3458,31
196,frame_000196.jpg,0.348,31
197,frame_000197.jpg,0.3522,30
198,frame_000198.jpg,0.3536,30
199,frame_000199.jpg,0.3482,30
200,frame_000200.jpg,0.3426,29
201,frame_000201.jpg,0.3443,30
202,frame_000202.jpg,0.3462,30
203,frame_000203.jpg,0.3489,29
204,frame_000204.jpg,0.3502,30
205,frame_000205.jpg,0.3539,33
206,frame_000206.jpg,0.3523,40
207,frame_000207.jpg,0.3493,40
208,frame_000208.jpg,0.3502,40
209,frame_000209.jpg,0.3486,40
210,frame_000210.jpg,0.3447,40
211,frame_000211.jpg,0.3452,33
212,frame_000212.jpg,0.3367,35
213,frame_000213.jpg,0.3451,35
214,frame_000214.jpg,0.3464,39
215,frame_000215.jpg,0.3421,40
216,frame_000216.jpg,0.3438,40
217,frame_000217.jpg,0.3542,39
218,frame_000218.jpg,0.3622,39
219,frame_000219.jpg,0.3537,30
220,frame_000220.jpg,0.3483,30
221,frame_000221.jpg,0.3491,30
222,frame_000222.jpg,0.3479,30
223,frame_000223.jpg,0.3519,31
224,frame_000224.jpg,0.3545,31
225,frame_000225.jpg,0.3466,30
226,frame_000226.jpg,0.3435,30
227,frame_000227.jpg,0.3445,30
228,frame_000228.jpg,0.3532,30
229,frame_000229.jpg,0.344,30
230,frame_000230.jpg,0.3521,30
231,frame_000231.jpg,0.3565,30
232,frame_000232.jpg,0.3453,30
233,frame_000233.jpg,0.3505,30
234,frame_000234.jpg,0.3511,30
235,frame_000235.jpg,0.3451,30
236,frame_000236.jpg,0.3447,30
237,frame_000237.jpg,0.3446,30
238,frame_000238.jpg,0.3518,35
239,frame_000239.jpg,0.3495,35
240,frame_000240.jpg,0.3449,35
241,frame_000241.jpg,0.3508,35
242,frame_000242.jpg,0.3524,30
243,frame_000243.jpg,0.3482,30
244,frame_000244.jpg,0.3476,35
245,frame_000245.jpg,0.3457,35
246,frame_000246.jpg,0.3574,30
247,frame_000247.jpg,0.3488,30
248,frame_000248.jpg,0.3513,30
249,frame_000249.jpg,0.3518,30
250,frame_000250.jpg,0.3453,0
251,frame_000251.jpg,0.3463,0
252,frame_000252.jpg,0.3547,32
253,frame_000253.jpg,0.3519,32
254,frame_000254.jpg,0.3569,60
255,frame_000255.jpg,0.3554,30
256,frame_000256.jpg,0.3469,0
257,frame_000257.jpg,0.3486,30
258,frame_000258.jpg,0.3407,30
259,frame_000259.jpg,0.3511,66
260,frame_000260.jpg,0.3536,38
261,frame_000261.jpg,0.3438,37
262,frame_000262.jpg,0.3432,30
263,frame_000263.jpg,0.3411,0
264,frame_000264.jpg,0.3626,27
265,frame_000265.jpg,0.3525,27
266,frame_000266.jpg,0.3415,0
267,frame_000267.jpg,0.3469,34
268,frame_000268.jpg,0.3529,38
269,frame_000269.jpg,0.3522,35
270,frame_000270.jpg,0.3563,0
271,frame_000271.jpg,0.3516,0
272,frame_000272.jpg,0.3482,0
273,frame_000273.jpg,0.3478,0
274,frame_000274.jpg,0.3507,0
275,frame_000275.jpg,0.3514,0
276,frame_000276.jpg,0.3532,32
277,frame_000277.jpg,0.3561,32
278,frame_000278.jpg,0.3519,0
279,frame_000279.jpg,0.3541,0
280,frame_000280.jpg,0.3502,31
281,frame_000281.jpg,0.3533,31
282,frame_000282.jpg,0.3411,0
283,frame_000283.jpg,0.3429,0
284,frame_000284.jpg,0.3454,0
285,frame_000285.jpg,0.3424,0
286,frame_000286.jpg,0.3496,27
287,frame_000287.jpg,0.3511,27
288,frame_000288.jpg,0.3482,0
289,frame_000289.jpg,0.3553,0
290,frame_000290.jpg,0.3492,0
291,frame_000291.jpg,0.3484,0
292,frame_000292.jpg,0.344,0
293,frame_000293.jpg,0.351,0
294,frame_000294.jpg,0.35,32
295,frame_000295.jpg,0.344,39
296,frame_000296.jpg,0.3535,31
297,frame_000297.jpg,0.3494,0
298,frame_000298.jpg,0.3531,0
299,frame_000299.jpg,0.3575,28
300,frame_000300.jpg,0.3555,28
301,frame_000301.jpg,0.3456,0
302,frame_000302.jpg,0.3558,29
303,frame_000303.jpg,0.3618,29
304,frame_000304.jpg,0.3522,32
305,frame_000305.jpg,0.3531,32
306,frame_000306.jpg,0.3509,35
307,frame_000307.jpg,0.3435,35
308,frame_000308.jpg,0.347,29
309,frame_000309.jpg,0.3451,29
310,frame_000310.jpg,0.3485,31
311,frame_000311.jpg,0.3543,31
312,frame_000312.jpg,0.3497,32
313,frame_000313.jpg,0.3527,34
314,frame_000314.jpg,0.3504,38
315,frame_000315.jpg,0.3511,36
316,frame_000316.jpg,0.3445,41
317,frame_000317.jpg,0.3423,33
318,frame_000318.jpg,0.347,33
319,frame_000319.jpg,0.3468,31
320,frame_000320.jpg,0.3439,28
321,frame_000321.jpg,0.3469,34
322,frame_000322.jpg,0.3524,34
323,frame_000323.jpg,0.3488,32
324,frame_000324.jpg,0.3517,41
325,frame_000325.jpg,0.3477,35
326,frame_000326.jpg,0.3348,35
327,frame_000327.jpg,0.3505,35
328,frame_000328.jpg,0.3454,43
329,frame_000329.jpg,0.3462,42
330,frame_000330.jpg,0.35,42
331,frame_000331.jpg,0.3481,40
332,frame_000332.jpg,0.3539,40
333,frame_000333.jpg,0.3494,35
334,frame_000334.jpg,0.3502,35
335,frame_000335.jpg,0.3493,40
336,frame_000336.jpg,0.3493,41
337,frame_000337.jpg,0.3499,41
338,frame_000338.jpg,0.3455,43
339,frame_000339.jpg,0.361,30
340,frame_000340.jpg,0.353,30
341,frame_000341.jpg,0.354,33
342,frame_000342.jpg,0.3578,34
343,frame_000343.jpg,0.347,31
344,frame_000344.jpg,0.3471,34
345,frame_000345.jpg,0.3525,36
346,frame_000346.jpg,0.3422,27
347,frame_000347.jpg,0.3526,30
348,frame_000348.jpg,0.3512,30
349,frame_000349.jpg,0.3491,30
350,frame_000350.jpg,0.354,36
351,frame_000351.jpg,0.3499,36
352,frame_000352.jpg,0.3482,35
353,frame_000353.jpg,0.3411,32
354,frame_000354.jpg,0.3471,30
355,frame_000355.jpg,0.3494,30
356,frame_000356.jpg,0.347,36
357,frame_000357.jpg,0.3487,38
358,frame_000358.jpg,0.343,30
359,frame_000359.jpg,0.3543,30
360,frame_000360.jpg,0.3519,30
361,frame_000361.jpg,0.3477,30
362,frame_000362.jpg,0.3454,35
363,frame_000363.jpg,0.347,39
364,frame_000364.jpg,0.3393,36
365,frame_000365.jpg,0.3449,32
366,frame_000366.jpg,0.3605,30
367,frame_000367.jpg,0.3509,35
368,frame_000368.jpg,0.3397,34
369,frame_000369.jpg,0.344,32
370,frame_000370.jpg,0.3511,36
371,frame_000371.jpg,0.3475,43
372,frame_000372.jpg,0.3533,40
373,frame_000373.jpg,0.3451,35
374,frame_000374.jpg,0.3493,35
375,frame_000375.jpg,0.3514,35
376,frame_000376.jpg,0.3453,28
377,frame_000377.jpg,0.3487,28
378,frame_000378.jpg,0.3514,33
379,frame_000379.jpg,0.349,32
380,frame_000380.jpg,0.3508,37
381,frame_000381.jpg,0.3496,29
382,frame_000382.jpg,0.3492,29
383,frame_000383.jpg,0.3509,29
384,frame_000384.jpg,0.3502,33
385,frame_000385.jpg,0.3535,34
386,frame_000386.jpg,0.3551,31
387,frame_000387.jpg,0.3469,34
388,frame_000388.jpg,0.3465,32
389,frame_000389.jpg,0.3547,32
390,frame_000390.jpg,0.3451,32
391,frame_000391.jpg,0.3547,31
392,frame_000392.jpg,0.3572,31
393,frame_000393.jpg,0.347,28
394,frame_000394.jpg,0.3421,34
395,frame_000395.jpg,0.3517,31
396,frame_000396.jpg,0.3496,36
397,frame_000397.jpg,0.3457,33
398,frame_000398.jpg,0.3472,28
399,frame_000399.jpg,0.3519,35
400,frame_000400.jpg,0.353,39
401,frame_000401.jpg,0.3513,30
402,frame_000402.jpg,0.3547,34
403,frame_000403.jpg,0.3549,34
404,frame_000404.jpg,0.3532,32
405,frame_000405.jpg,0.3398,30
406,frame_000406.jpg,0.3475,27
407,frame_000407.jpg,0.3527,32
408,frame_000408.jpg,0.3463,32
409,frame_000409.jpg,0.3494,30
410,frame_000410.jpg,0.356,30
411,frame_000411.jpg,0.3502,30
412,frame_000412.jpg,0.3506,30
413,frame_000413.jpg,0.3468,30
414,frame_000414.jpg,0.3459,29
415,frame_000415.jpg,0.3518,29
416,frame_000416.jpg,0.3501,30
417,frame_000417.jpg,0.345,30
418,frame_000418.jpg,0.3503,31
419,frame_000419.jpg,0.3537,31
420,frame_000420.jpg,0.3406,31
421,frame_000421.jpg,0.3509,31
422,frame_000422.jpg,0.3495,30
423,frame_000423.jpg,0.3553,30
424,frame_000424.jpg,0.3507,30
425,frame_000425.jpg,0.3511,30
426,frame_000426.jpg,0.3527,29
427,frame_000427.jpg,0.3544,29
428,frame_000428.jpg,0.3494,29
429,frame_000429.jpg,0.3558,29
430,frame_000430.jpg,0.3479,30
431,frame_000431.jpg,0.354,30
432,frame_000432.jpg,0.3479,30
433,frame_000433.jpg,0.346,31
434,frame_000434.jpg,0.3511,30
435,frame_000435.jpg,0.3542,29
436,frame_000436.jpg,0.357,31
437,frame_000437.jpg,0.3524,28
438,frame_000438.jpg,0.345,27
439,frame_000439.jpg,0.3537,27
440,frame_000440.jpg,0.3504,30
441,frame_000441.jpg,0.3548,30
442,frame_000442.jpg,0.3552,30
443,frame_000443.jpg,0.3442,29
444,frame_000444.jpg,0.3465,31
445,frame_000445.jpg,0.3465,28
446,frame_000446.jpg,0.3591,27
447,frame_000447.jpg,0.3461,30
448,frame_000448.jpg,0.3401,30
449,frame_000449.jpg,0.3511,27
450,frame_000450.jpg,0.3476,27
451,frame_000451.jpg,0.3476,26
452,frame_000452.jpg,0.3443,26
453,frame_000453.jpg,0.3499,26
454,frame_000454.jpg,0.3463,26
455,frame_000455.jpg,0.3556,26
456,frame_000456.jpg,0.355,26
457,frame_000457.jpg,0.3476,26
458,frame_000458.jpg,0.354,23
459,frame_000459.jpg,0.3509,30
460,frame_000460.jpg,0.3543,30
461,frame_000461.jpg,0.3517,30
462,frame_000462.jpg,0.3517,28
463,frame_000463.jpg,0.3536,27
464,frame_000464.jpg,0.352,35
465,frame_000465.jpg,0.3486,34
466,frame_000466.jpg,0.3486,34
467,frame_000467.jpg,0.35,35
468,frame_000468.jpg,0.3508,35
469,frame_000469.jpg,0.3496,33
470,frame_000470.jpg,0.3503,34
471,frame_000471.jpg,0.3418,34
472,frame_000472.jpg,0.3528,34
473,frame_000473.jpg,0.3522,34
474,frame_000474.jpg,0.3511,27
475,frame_000475.jpg,0.3535,28
476,frame_000476.jpg,0.3446,28
477,frame_000477.jpg,0.3532,30
478,frame_000478.jpg,0.3525,30
479,frame_000479.jpg,0.355,27
480,frame_000480.jpg,0.3453,27
481,frame_000481.jpg,0.3411,27
482,frame_000482.jpg,0.3548,34
483,frame_000483.jpg,0.3481,31
484,frame_000484.jpg,0.3476,27
485,frame_000485.jpg,0.3487,32
486,frame_000486.jpg,0.3553,31
487,frame_000487.jpg,0.3501,26
488,frame_000488.jpg,0.3563,26
489,frame_000489.jpg,0.3524,26
490,frame_000490.jpg,0.3458,26
491,frame_000491.jpg,0.356,30
492,frame_000492.jpg,0.3543,27
493,frame_000493.jpg,0.3501,27
494,frame_000494.jpg,0.3546,28
495,frame_000495.jpg,0.3489,28
496,frame_000496.jpg,0.349,24
497,frame_000497.jpg,0.3546,31
498,frame_000498.jpg,0.3489,29
499,frame_000499.jpg,0.3466,27
500,frame_000500.jpg,0.3479,27
501,frame_000501.jpg,0.3514,27
502,frame_000502.jpg,0.3529,30
503,frame_000503.jpg,0.35,30
504,frame_000504.jpg,0.3461,30
505,frame_000505.jpg,0.3525,30
506,frame_000506.jpg,0.3525,30
507,frame_000507.jpg,0.351,30
508,frame_000508.jpg,0.3452,30
509,frame_000509.jpg,0.3395,30
510,frame_000510.jpg,0.3454,30
511,frame_000511.jpg,0.3471,32
512,frame_000512.jpg,0.3463,32
513,frame_000513.jpg,0.3519,32
514,frame_000514.jpg,0.3473,37
515,frame_000515.jpg,0.3508,35
516,frame_000516.jpg,0.347,35
517,frame_000517.jpg,0.342,39
518,frame_000518.jpg,0.3521,38
519,frame_000519.jpg,0.3502,36
520,frame_000520.jpg,0.3575,32
521,frame_000521.jpg,0.3496,32
522,frame_000522.jpg,0.35,34
523,frame_000523.jpg,0.3433,36
524,frame_000524.jpg,0.3468,36
525,frame_000525.jpg,0.3452,30
526,frame_000526.jpg,0.3465,30
527,frame_000527.jpg,0.3529,30
528,frame_000528.jpg,0.3417,30
529,frame_000529.jpg,0.3516,30
530,frame_000530.jpg,0.3418,27
531,frame_000531.jpg,0.3434,27
532,frame_000532.jpg,0.3496,31
533,frame_000533.jpg,0.3546,30
534,frame_000534.jpg,0.3522,35
535,frame_000535.jpg,0.3456,35
536,frame_000536.jpg,0.3515,35
537,frame_000537.jpg,0.355,30
538,frame_000538.jpg,0.3454,30
539,frame_000539.jpg,0.3594,30
540,frame_000540.jpg,0.3536,30
541,frame_000541.jpg,0.3483,27
542,frame_000542.jpg,0.3455,27
543,frame_000543.jpg,0.3501,27
544,frame_000544.jpg,0.3591,35
545,frame_000545.jpg,0.3619,35
546,frame_000546.jpg,0.3465,32
547,frame_000547.jpg,0.3514,32
548,frame_000548.jpg,0.3511,27
549,frame_000549.jpg,0.3515,27
550,frame_000550.jpg,0.352,32
551,frame_000551.jpg,0.3523,32
552,frame_000552.jpg,0.3613,32
553,frame_000553.jpg,0.3527,32
554,frame_000554.jpg,0.3515,32
555,frame_000555.jpg,0.357,32
556,frame_000556.jpg,0.3474,32
557,frame_000557.jpg,0.3483,32
558,frame_000558.jpg,0.3533,37
559,frame_000559.jpg,0.3557,42
560,frame_000560.jpg,0.352,40
561,frame_000561.jpg,0.3519,40
562,frame_000562.jpg,0.3513,40
563,frame_000563.jpg,0.3439,40
564,frame_000564.jpg,0.3474,35
565,frame_000565.jpg,0.3477,35
566,frame_000566.jpg,0.3504,35
567,frame_000567.jpg,0.3535,35
568,frame_000568.jpg,0.3541,35
569,frame_000569.jpg,0.3532,35
570,frame_000570.jpg,0.3539,35
571,frame_000571.jpg,0.3508,37
572,frame_000572.jpg,0.3481,37
573,frame_000573.jpg,0.3517,39
574,frame_000574.jpg,0.3524,41
575,frame_000575.jpg,0.3556,38
576,frame_000576.jpg,0.3501,36
577,frame_000577.jpg,0.3525,41
578,frame_000578.jpg,0.3434,39
579,frame_000579.jpg,0.3518,35
580,frame_000580.jpg,0.3545,30
581,frame_000581.jpg,0.35,28
582,frame_000582.jpg,0.3551,32
583,frame_000583.jpg,0.3511,32
584,frame_000584.jpg,0.3472,29
585,frame_000585.jpg,0.3522,32
586,frame_000586.jpg,0.3507,37
587,frame_000587.jpg,0.3528,34
588,frame_000588.jpg,0.3492,34
589,frame_000589.jpg,0.3512,34
590,frame_000590.jpg,0.3572,34
591,frame_000591.jpg,0.3473,35
592,frame_000592.jpg,0.352,37
593,frame_000593.jpg,0.3476,35
594,frame_000594.jpg,0.3535,37
595,frame_000595.jpg,0.3498,34
596,frame_000596.jpg,0.3514,30
597,frame_000597.jpg,0.3507,30
598,frame_000598.jpg,0.3484,30
599,frame_000599.jpg,0.3543,27
600,frame_000600.jpg,0.3529,27
601,frame_000601.jpg,0.3511,27
602,frame_000602.jpg,0.3514,33
603,frame_000603.jpg,0.3573,29
604,frame_000604.jpg,0.3509,29
605,frame_000605.jpg,0.3524,34
606,frame_000606.jpg,0.3507,34
607,frame_000607.jpg,0.3497,35
608,frame_000608.jpg,0.3522,34
609,frame_000609.jpg,0.3549,34
610,frame_000610.jpg,0.3527,30
611,frame_000611.jpg,0.3531,30
612,frame_000612.jpg,0.3477,30
613,frame_000613.jpg,0.3444,30
614,frame_000614.jpg,0.3511,30
615,frame_000615.jpg,0.3537,30
616,frame_000616.jpg,0.3525,30
617,frame_000617.jpg,0.3484,27
618,frame_000618.jpg,0.3476,27
619,frame_000619.jpg,0.3463,30
620,frame_000620.jpg,0.3493,30
621,frame_000621.jpg,0.3509,32
622,frame_000622.jpg,0.3465,35
623,frame_000623.jpg,0.3479,35
624,frame_000624.jpg,0.3471,36
625,frame_000625.jpg,0.3479,32
626,frame_000626.jpg,0.3533,30
627,frame_000627.jpg,0.3486,30
628,frame_000628.jpg,0.3519,30
629,frame_000629.jpg,0.3471,39
630,frame_000630.jpg,0.3433,39
631,frame_000631.jpg,0.3566,41
632,frame_000632.jpg,0.3476,43
633,frame_000633.jpg,0.3491,40
634,frame_000634.jpg,0.3518,40
635,frame_000635.jpg,0.3423,40
636,frame_000636.jpg,0.3452,31
637,frame_000637.jpg,0.3525,27
638,frame_000638.jpg,0.3495,27
639,frame_000639.jpg,0.3443,27
640,frame_000640.jpg,0.3537,30
641,frame_000641.jpg,0.3598,30
642,frame_000642.jpg,0.3523,36
643,frame_000643.jpg,0.3501,37
644,frame_000644.jpg,0.3461,38
645,frame_000645.jpg,0.353,34
646,frame_000646.jpg,0.3513,34
647,frame_000647.jpg,0.3534,30
648,frame_000648.jpg,0.3518,30
649,frame_000649.jpg,0.3436,30
650,frame_000650.jpg,0.3478,30
651,frame_000651.jpg,0.3484,30
652,frame_000652.jpg,0.3468,30
653,frame_000653.jpg,0.3509,30
654,frame_000654.jpg,0.3542,30
655,frame_000655.jpg,0.3485,34
656,frame_000656.jpg,0.3555,36
657,frame_000657.jpg,0.345,36
658,frame_000658.jpg,0.3482,42
659,frame_000659.jpg,0.357,38
660,frame_000660.jpg,0.3446,31
661,frame_000661.jpg,0.3525,36
662,frame_000662.jpg,0.3467,36
663,frame_000663.jpg,0.3544,38
664,frame_000664.jpg,0.3472,30
665,frame_000665.jpg,0.3546,30
666,frame_000666.jpg,0.3516,30
667,frame_000667.jpg,0.3508,30
668,frame_000668.jpg,0.3527,27
669,frame_000669.jpg,0.344,27
670,frame_000670.jpg,0.3482,27
671,frame_000671.jpg,0.3544,27
672,frame_000672.jpg,0.3506,27
673,frame_000673.jpg,0.3475,30
674,frame_000674.jpg,0.3531,30
675,frame_000675.jpg,0.35,30
676,frame_000676.jpg,0.3466,38
677,frame_000677.jpg,0.3547,37
678,frame_000678.jpg,0.352,37
679,frame_000679.jpg,0.3517,30
680,frame_000680.jpg,0.3525,30
681,frame_000681.jpg,0.3456,30
682,frame_000682.jpg,0.3545,30
683,frame_000683.jpg,0.3527,33
684,frame_000684.jpg,0.3506,37
685,frame_000685.jpg,0.3441,37
686,frame_000686.jpg,0.3488,30
687,frame_000687.jpg,0.3516,30
688,frame_000688.jpg,0.3477,31
689,frame_000689.jpg,0.3497,38
690,frame_000690.jpg,0.3495,30
691,frame_000691.jpg,0.3516,30
692,frame_000692.jpg,0.3498,30
693,frame_000693.jpg,0.3526,31
694,frame_000694.jpg,0.3485,35
695,frame_000695.jpg,0.36,37
696,frame_000696.jpg,0.3582,30
697,frame_000697.jpg,0.343,30
698,frame_000698.jpg,0.3497,30
699,frame_000699.jpg,0.3476,34
700,frame_000700.jpg,0.3475,37
701,frame_000701.jpg,0.3538,30
702,frame_000702.jpg,0.3543,35
703,frame_000703.jpg,0.35,36
704,frame_000704.jpg,0.3518,41
705,frame_000705.jpg,0.3517,40
706,frame_000706.jpg,0.3533,32
707,frame_000707.jpg,0.3499,32
708,frame_000708.jpg,0.3496,33
709,frame_000709.jpg,0.351,36
710,frame_000710.jpg,0.3454,32
711,frame_000711.jpg,0.3519,34
712,frame_000712.jpg,0.3433,36
713,frame_000713.jpg,0.354,32
714,frame_000714.jpg,0.3507,30
715,frame_000715.jpg,0.3529,32
716,frame_000716.jpg,0.3576,33
717,frame_000717.jpg,0.349,36
718,frame_000718.jpg,0.3509,32
719,frame_000719.jpg,0.3528,30
720,frame_000720.jpg,0.3489,31
721,frame_000721.jpg,0.3447,34
722,frame_000722.jpg,0.3505,36
723,frame_000723.jpg,0.3464,36
724,frame_000724.jpg,0.3447,30
725,frame_000725.jpg,0.347,30
726,frame_000726.jpg,0.3488,27
727,frame_000727.jpg,0.3512,25
728,frame_000728.jpg,0.3465,29
729,frame_000729.jpg,0.3444,28
730,frame_000730.jpg,0.3488,32
731,frame_000731.jpg,0.3454,26
732,frame_000732.jpg,0.3525,28
733,frame_000733.jpg,0.3462,32
734,frame_000734.jpg,0.3518,30
735,frame_000735.jpg,0.3479,26
736,frame_000736.jpg,0.3515,26
737,frame_000737.jpg,0.3581,26
738,frame_000738.jpg,0.3493,30
739,frame_000739.jpg,0.3541,30
740,frame_000740.jpg,0.358,30
741,frame_000741.jpg,0.3423,34
742,frame_000742.jpg,0.3477,33
743,frame_000743.jpg,0.3492,32
744,frame_000744.jpg,0.3471,32
745,frame_000745.jpg,0.3544,34
746,frame_000746.jpg,0.3564,35
747,frame_000747.jpg,0.3471,31
748,frame_000748.jpg,0.3532,27
749,frame_000749.jpg,0.3516,28
750,frame_000750.jpg,0.3476,26
751,frame_000751.jpg,0.3511,26
752,frame_000752.jpg,0.3458,32
753,frame_000753.jpg,0.3413,29
754,frame_000754.jpg,0.3423,23
755,frame_000755.jpg,0.3405,32
756,frame_000756.jpg,0.3502,35
757,frame_000757.jpg,0.3473,33
758,frame_000758.jpg,0.3477,27
759,frame_000759.jpg,0.3481,24
760,frame_000760.jpg,0.3592,24
761,frame_000761.jpg,0.3528,24
762,frame_000762.jpg,0.3468,27
763,frame_000763.jpg,0.3562,30
764,frame_000764.jpg,0.3503,31
765,frame_000765.jpg,0.3453,34
766,frame_000766.jpg,0.3529,30
767,frame_000767.jpg,0.3615,30
768,frame_000768.jpg,0.3596,26
769,frame_000769.jpg,0.3617,27
770,frame_000770.jpg,0.3525,28
771,frame_000771.jpg,0.347,28
772,frame_000772.jpg,0.3438,32
773,frame_000773.jpg,0.3429,28
774,frame_000774.jpg,0.3504,24
775,frame_000775.jpg,0.3515,24
776,frame_000776.jpg,0.3492,27
777,frame_000777.jpg,0.3506,31
778,frame_000778.jpg,0.3535,31
779,frame_000779.jpg,0.3473,31
780,frame_000780.jpg,0.3542,31
781,frame_000781.jpg,0.3483,26
782,frame_000782.jpg,0.3515,29
783,frame_000783.jpg,0.3464,29
784,frame_000784.jpg,0.3525,26
785,frame_000785.jpg,0.3486,26
786,frame_000786.jpg,0.3556,28
787,frame_000787.jpg,0.3603,28
788,frame_000788.jpg,0.3491,27
789,frame_000789.jpg,0.3458,28
790,frame_000790.jpg,0.3429,28
791,frame_000791.jpg,0.3474,27
792,frame_000792.jpg,0.3415,24
793,frame_000793.jpg,0.346,27
794,frame_000794.jpg,0.3476,27
795,frame_000795.jpg,0.3467,31
796,frame_000796.jpg,0.3508,31
797,frame_000797.jpg,0.346,27
798,frame_000798.jpg,0.3462,26
799,frame_000799.jpg,0.3515,26
800,frame_000800.jpg,0.349,26
801,frame_000801.jpg,0.3494,26
802,frame_000802.jpg,0.3401,26
803,frame_000803.jpg,0.3418,26
804,frame_000804.jpg,0.3514,26
805,frame_000805.jpg,0.3447,26
806,frame_000806.jpg,0.3465,26
807,frame_000807.jpg,0.3429,26
808,frame_000808.jpg,0.3458,28
809,frame_000809.jpg,0.3476,28
810,frame_000810.jpg,0.3407,28
811,frame_000811.jpg,0.346,28
812,frame_000812.jpg,0.3466,28
813,frame_000813.jpg,0.3475,28
814,frame_000814.jpg,0.3539,28
815,frame_000815.jpg,0.3567,28
816,frame_000816.jpg,0.3534,24
817,frame_000817.jpg,0.3504,24
818,frame_000818.jpg,0.3459,28
819,frame_000819.jpg,0.3462,28
820,frame_000820.jpg,0.35,28
821,frame_000821.jpg,0.3437,28
822,frame_000822.jpg,0.3418,28
823,frame_000823.jpg,0.3521,28
824,frame_000824.jpg,0.3432,28
825,frame_000825.jpg,0.34,28
826,frame_000826.jpg,0.3471,28
827,frame_000827.jpg,0.3481,26
828,frame_000828.jpg,0.3434,28
829,frame_000829.jpg,0.3436,28
830,frame_000830.jpg,0.3505,28
831,frame_000831.jpg,0.355,28
832,frame_000832.jpg,0.3464,28
833,frame_000833.jpg,0.3542,28
834,frame_000834.jpg,0.3512,28
835,frame_000835.jpg,0.3485,28
836,frame_000836.jpg,0.3462,25
837,frame_000837.jpg,0.3459,24
838,frame_000838.jpg,0.3424,24
839,frame_000839.jpg,0.3435,24
840,frame_000840.jpg,0.3454,27
841,frame_000841.jpg,0.3459,27
842,frame_000842.jpg,0.3443,27
843,frame_000843.jpg,0.3532,27
844,frame_000844.jpg,0.3468,28
845,frame_000845.jpg,0.3528,28
846,frame_000846.jpg,0.3418,27
847,frame_000847.jpg,0.3503,28
848,frame_000848.jpg,0.3526,28
849,frame_000849.jpg,0.3471,28
850,frame_000850.jpg,0.3448,28
851,frame_000851.jpg,0.3481,29
852,frame_000852.jpg,0.3535,30
853,frame_000853.jpg,0.3438,30
854,frame_000854.jpg,0.34,30
855,frame_000855.jpg,0.3527,30
856,frame_000856.jpg,0.3521,28
857,frame_000857.jpg,0.3521,29
858,frame_000858.jpg,0.3443,26
859,frame_000859.jpg,0.3457,30
860,frame_000860.jpg,0.3461,30
861,frame_000861.jpg,0.3441,30
862,frame_000862.jpg,0.3505,28
863,frame_000863.jpg,0.3454,30
864,frame_000864.jpg,0.3383,30
865,frame_000865.jpg,0.3495,26
866,frame_000866.jpg,0.3485,26
867,frame_000867.jpg,0.349,26
868,frame_000868.jpg,0.3526,28
869,frame_000869.jpg,0.3448,29
870,frame_000870.jpg,0.3518,27
871,frame_000871.jpg,0.3449,27
872,frame_000872.jpg,0.3497,29
873,frame_000873.jpg,0.3513,28
874,frame_000874.jpg,0.339,29
875,frame_000875.jpg,0.3463,27
876,frame_000876.jpg,0.3544,27
877,frame_000877.jpg,0.3619,27
878,frame_000878.jpg,0.3528,27
879,frame_000879.jpg,0.3517,27
880,frame_000880.jpg,0.35,27
881,frame_000881.jpg,0.3454,27
882,frame_000882.jpg,0.3408,27
883,frame_000883.jpg,0.3509,27
884,frame_000884.jpg,0.3478,30
885,frame_000885.jpg,0.3443,30
886,frame_000886.jpg,0.3571,27
887,frame_000887.jpg,0.3573,24
888,frame_000888.jpg,0.3515,23
889,frame_000889.jpg,0.3534,23
890,frame_000890.jpg,0.3463,23
891,frame_000891.jpg,0.3506,24
892,frame_000892.jpg,0.3507,25
893,frame_000893.jpg,0.344,23
894,frame_000894.jpg,0.3427,24
895,frame_000895.jpg,0.3476,26
896,frame_000896.jpg,0.3484,26
897,frame_000897.jpg,0.3461,24
898,frame_000898.jpg,0.3532,24
899,frame_000899.jpg,0.3546,22
900,frame_000900.jpg,0.3555,22
901,frame_000901.jpg,0.356,26
902,frame_000902.jpg,0.3453,26
903,frame_000903.jpg,0.3469,29
904,frame_000904.jpg,0.3465,34
905,frame_000905.jpg,0.3489,34
906,frame_000906.jpg,0.352,33
907,frame_000907.jpg,0.348,31
908,frame_000908.jpg,0.3484,30
909,frame_000909.jpg,0.3467,25
910,frame_000910.jpg,0.3532,24
911,frame_000911.jpg,0.3513,26
912,frame_000912.jpg,0.3449,26
913,frame_000913.jpg,0.3411,26
914,frame_000914.jpg,0.3382,26
915,frame_000915.jpg,0.3447,26
916,frame_000916.jpg,0.3475,26
917,frame_000917.jpg,0.3465,26
918,frame_000918.jpg,0.3487,27
919,frame_000919.jpg,0.3444,28
920,frame_000920.jpg,0.3471,28
921,frame_000921.jpg,0.3499,29
922,frame_000922.jpg,0.3464,31
923,frame_000923.jpg,0.3485,31
924,frame_000924.jpg,0.3443,30
925,frame_000925.jpg,0.3459,27
926,frame_000926.jpg,0.3489,26
927,frame_000927.jpg,0.3465,26
928,frame_000928.jpg,0.3513,26
929,frame_000929.jpg,0.3492,26
930,frame_000930.jpg,0.3515,26
931,frame_000931.jpg,0.351,26
932,frame_000932.jpg,0.3561,26
933,frame_000933.jpg,0.3556,26
934,frame_000934.jpg,0.3522,26
935,frame_000935.jpg,0.357,26
936,frame_000936.jpg,0.3475,27
937,frame_000937.jpg,0.3451,27
938,frame_000938.jpg,0.3581,28
939,frame_000939.jpg,0.3514,27
940,frame_000940.jpg,0.3535,28
941,frame_000941.jpg,0.3422,29
942,frame_000942.jpg,0.3527,27
943,frame_000943.jpg,0.3518,27
944,frame_000944.jpg,0.3504,27
945,frame_000945.jpg,0.3528,27
946,frame_000946.jpg,0.3529,27
947,frame_000947.jpg,0.3477,25
948,frame_000948.jpg,0.3506,25
949,frame_000949.jpg,0.3481,25
950,frame_000950.jpg,0.3448,25
951,frame_000951.jpg,0.3479,27
952,frame_000952.jpg,0.3546,26
953,frame_000953.jpg,0.3474,23
954,frame_000954.jpg,0.3396,23
955,frame_000955.jpg,0.3593,25
956,frame_000956.jpg,0.342,24
957,frame_000957.jpg,0.346,24
958,frame_000958.jpg,0.3463,24
959,frame_000959.jpg,0.3447,24
960,frame_000960.jpg,0.3496,24
961,frame_000961.jpg,0.3541,24
962,frame_000962.jpg,0.3477,24
963,frame_000963.jpg,0.3477,24
964,frame_000964.jpg,0.356,24
965,frame_000965.jpg,0.3497,24
966,frame_000966.jpg,0.355,24
967,frame_000967.jpg,0.3474,0
968,frame_000968.jpg,0.3524,36
969,frame_000969.jpg,0.3467,36
970,frame_000970.jpg,0.3557,29
971,frame_000971.jpg,0.363,29
972,frame_000972.jpg,0.3512,0
973,frame_000973.jpg,0.3517,0
974,frame_000974.jpg,0.3519,0
975,frame_000975.jpg,0.3492,0
976,frame_000976.jpg,0.3502,0
977,frame_000977.jpg,0.3525,0
978,frame_000978.jpg,0.3487,28
979,frame_000979.jpg,0.3589,58
980,frame_000980.jpg,0.3551,58
981,frame_000981.jpg,0.3486,28
982,frame_000982.jpg,0.3569,64
983,frame_000983.jpg,0.3475,64
984,frame_000984.jpg,0.3458,0
985,frame_000985.jpg,0.349,0
986,frame_000986.jpg,0.3494,0
987,frame_000987.jpg,0.3425,25
988,frame_000988.jpg,0.3489,25
989,frame_000989.jpg,0.349,25
990,frame_000990.jpg,0.346,0
991,frame_000991.jpg,0.3457,0
992,frame_000992.jpg,0.3498,25
993,frame_000993.jpg,0.3542,25
994,frame_000994.jpg,0.357,30
995,frame_000995.jpg,0.3614,57
996,frame_000996.jpg,0.352,30
997,frame_000997.jpg,0.3534,30
998,frame_000998.jpg,0.3489,28
999,frame_000999.jpg,0.348,28
1000,frame_001000.jpg,0.3483,22
1001,frame_001001.jpg,0.3487,25
1002,frame_001002.jpg,0.347,25
1003,frame_001003.jpg,0.3511,25
1004,frame_001004.jpg,0.3498,25
1005,frame_001005.jpg,0.3513,25
1006,frame_001006.jpg,0.3479,25
1007,frame_001007.jpg,0.3485,25
1008,frame_001008.jpg,0.3512,25
1009,frame_001009.jpg,0.3418,27
1010,frame_001010.jpg,0.3434,27
1011,frame_001011.jpg,0.353,27
1012,frame_001012.jpg,0.3609,27
1013,frame_001013.jpg,0.3536,27
1014,frame_001014.jpg,0.353,27
1015,frame_001015.jpg,0.3483,0
1016,frame_001016.jpg,0.3453,0
1017,frame_001017.jpg,0.339,0
1018,frame_001018.jpg,0.3502,0
1019,frame_001019.jpg,0.3532,0
1020,frame_001020.jpg,0.3489,24
1021,frame_001021.jpg,0.3544,24
1022,frame_001022.jpg,0.3492,24
1023,frame_001023.jpg,0.3522,24
1024,frame_001024.jpg,0.3451,0
1025,frame_001025.jpg,0.3529,0
1026,frame_001026.jpg,0.3454,0
1027,frame_001027.jpg,0.3501,0
1028,frame_001028.jpg,0.3425,0
1029,frame_001029.jpg,0.3473,0
1030,frame_001030.jpg,0.3535,0
1031,frame_001031.jpg,0.3514,0
1032,frame_001032.jpg,0.3517,0
1033,frame_001033.jpg,0.3533,0
1034,frame_001034.jpg,0.3492,0
1035,frame_001035.jpg,0.3534,0
1036,frame_001036.jpg,0.3509,30
1037,frame_001037.jpg,0.3479,30
1038,frame_001038.jpg,0.3444,0
1039,frame_001039.jpg,0.3481,0
1040,frame_001040.jpg,0.3437,0
1041,frame_001041.jpg,0.3488,0
1042,frame_001042.jpg,0.3469,0
1043,frame_001043.jpg,0.349,0
1044,frame_001044.jpg,0.358,34
1045,frame_001045.jpg,0.3523,34
1046,frame_001046.jpg,0.3488,31
1047,frame_001047.jpg,0.35,31
1048,frame_001048.jpg,0.3481,0
1049,frame_001049.jpg,0.3516,0
1050,frame_001050.jpg,0.3539,0
1051,frame_001051.jpg,0.3469,0
1052,frame_001052.jpg,0.3551,30
1053,frame_001053.jpg,0.3558,30
1054,frame_001054.jpg,0.3518,27
1055,frame_001055.jpg,0.3524,0
1056,frame_001056.jpg,0.3552,30
1057,frame_001057.jpg,0.3543,30
1058,frame_001058.jpg,0.3469,0
1059,frame_001059.jpg,0.3569,36
1060,frame_001060.jpg,0.3617,36
1061,frame_001061.jpg,0.3513,0
1062,frame_001062.jpg,0.3541,30
1063,frame_001063.jpg,0.3589,30
1064,frame_001064.jpg,0.3515,0
1065,frame_001065.jpg,0.3469,0
1066,frame_001066.jpg,0.3473,0
1067,frame_001067.jpg,0.3563,34
1068,frame_001068.jpg,0.3564,34
1069,frame_001069.jpg,0.3492,0
1070,frame_001070.jpg,0.3511,0
1071,frame_001071.jpg,0.3493,0
1072,frame_001072.jpg,0.3467,0
1073,frame_001073.jpg,0.3447,0
1074,frame_001074.jpg,0.3531,0
1075,frame_001075.jpg,0.3496,0
1076,frame_001076.jpg,0.354,31
1077,frame_001077.jpg,0.3538,32
1078,frame_001078.jpg,0.3513,35
1079,frame_001079.jpg,0.3604,34
1080,frame_001080.jpg,0.3503,0
1081,frame_001081.jpg,0.3511,34
1082,frame_001082.jpg,0.3508,36
1083,frame_001083.jpg,0.3521,31
1084,frame_001084.jpg,0.3531,0
1085,frame_001085.jpg,0.3517,0
1086,frame_001086.jpg,0.3547,0
1087,frame_001087.jpg,0.3546,30
1088,frame_001088.jpg,0.3492,34
1089,frame_001089.jpg,0.356,31
1090,frame_001090.jpg,0.3456,0
1091,frame_001091.jpg,0.3501,0
1092,frame_001092.jpg,0.3495,0
1093,frame_001093.jpg,0.3569,27
1094,frame_001094.jpg,0.3619,27
1095,frame_001095.jpg,0.3552,0
1096,frame_001096.jpg,0.3469,0
1097,frame_001097.jpg,0.3543,31
1098,frame_001098.jpg,0.3487,31
1099,frame_001099.jpg,0.3473,0
1100,frame_001100.jpg,0.3515,31
1101,frame_001101.jpg,0.3567,31
1102,frame_001102.jpg,0.3499,0
1103,frame_001103.jpg,0.3399,0
1104,frame_001104.jpg,0.3563,34
1105,frame_001105.jpg,0.3513,37
1106,frame_001106.jpg,0.3558,37
1107,frame_001107.jpg,0.3608,31
1108,frame_001108.jpg,0.348,0
1109,frame_001109.jpg,0.3603,30
1110,frame_001110.jpg,0.3516,30
1111,frame_001111.jpg,0.3478,0
1112,frame_001112.jpg,0.3532,0
1113,frame_001113.jpg,0.355,0
1114,frame_001114.jpg,0.3599,34
1115,frame_001115.jpg,0.3536,34
1116,frame_001116.jpg,0.357,27
1117,frame_001117.jpg,0.3553,38
1118,frame_001118.jpg,0.3525,35
1119,frame_001119.jpg,0.3607,33
1120,frame_001120.jpg,0.3542,31
1121,frame_001121.jpg,0.3516,38
1122,frame_001122.jpg,0.3554,35
1123,frame_001123.jpg,0.3577,34
1124,frame_001124.jpg,0.3528,34
1125,frame_001125.jpg,0.3489,34
1126,frame_001126.jpg,0.3556,31
1127,frame_001127.jpg,0.3533,0
1128,frame_001128.jpg,0.3553,0
1129,frame_001129.jpg,0.3461,0
1130,frame_001130.jpg,0.3472,0
1131,frame_001131.jpg,0.3553,31
1132,frame_001132.jpg,0.3516,34
1133,frame_001133.jpg,0.3616,30
1134,frame_001134.jpg,0.3478,0
1135,frame_001135.jpg,0.3478,0
1136,frame_001136.jpg,0.3531,0
1137,frame_001137.jpg,0.3576,34
1138,frame_001138.jpg,0.3516,34
1139,frame_001139.jpg,0.3392,0
1140,frame_001140.jpg,0.3388,34
1141,frame_001141.jpg,0.3478,34
1142,frame_001142.jpg,0.3525,35
1143,frame_001143.jpg,0.3503,35
1144,frame_001144.jpg,0.3479,30
1145,frame_001145.jpg,0.3571,30
1146,frame_001146.jpg,0.3519,0
1147,frame_001147.jpg,0.3524,30
1148,frame_001148.jpg,0.3576,30
1149,frame_001149.jpg,0.3481,0
1150,frame_001150.jpg,0.3501,0
1151,frame_001151.jpg,0.3528,0
1152,frame_001152.jpg,0.3587,35
1153,frame_001153.jpg,0.3561,35
1154,frame_001154.jpg,0.3424,0
1155,frame_001155.jpg,0.3571,33
1156,frame_001156.jpg,0.3573,33
1157,frame_001157.jpg,0.3439,0
1158,frame_001158.jpg,0.3606,34
1159,frame_001159.jpg,0.3574,38
1160,frame_001160.jpg,0.3609,31
1161,frame_001161.jpg,0.3581,31
1162,frame_001162.jpg,0.349,31
1163,frame_001163.jpg,0.3455,31
1164,frame_001164.jpg,0.3508,0
1165,frame_001165.jpg,0.3482,0
1166,frame_001166.jpg,0.3556,0
1167,frame_001167.jpg,0.3503,0
1168,frame_001168.jpg,0.3515,0
1169,frame_001169.jpg,0.354,0
1170,frame_001170.jpg,0.3546,0
1171,frame_001171.jpg,0.356,0
1172,frame_001172.jpg,0.3527,0
1173,frame_001173.jpg,0.3507,0
1174,frame_001174.jpg,0.355,0
1175,frame_001175.jpg,0.3461,0
1176,frame_001176.jpg,0.3512,0
1177,frame_001177.jpg,0.3541,0
1178,frame_001178.jpg,0.3495,0
1179,frame_001179.jpg,0.3567,0
1180,frame_001180.jpg,0.3558,0
1181,frame_001181.jpg,0.3576,0
1182,frame_001182.jpg,0.3445,0
1183,frame_001183.jpg,0.3461,0
1184,frame_001184.jpg,0.3495,0
1185,frame_001185.jpg,0.3473,0
1186,frame_001186.jpg,0.3413,0
1187,frame_001187.jpg,0.3606,35
1188,frame_001188.jpg,0.3566,35
1189,frame_001189.jpg,0.3441,0
1190,frame_001190.jpg,0.3591,36
1191,frame_001191.jpg,0.3557,36
1192,frame_001192.jpg,0.3531,0
1193,frame_001193.jpg,0.3463,0
1194,frame_001194.jpg,0.3512,0
1195,frame_001195.jpg,0.3501,0
1196,frame_001196.jpg,0.3515,0
1197,frame_001197.jpg,0.3573,0
1198,frame_001198.jpg,0.3482,0
1199,frame_001199.jpg,0.3449,0
1200,frame_001200.jpg,0.3511,0
1201,frame_001201.jpg,0.3431,0
1202,frame_001202.jpg,0.3509,0
1203,frame_001203.jpg,0.3535,30
1204,frame_001204.jpg,0.3601,30
1205,frame_001205.jpg,0.3546,0
1206,frame_001206.jpg,0.3481,0
1207,frame_001207.jpg,0.3472,0
1208,frame_001208.jpg,0.3488,0
1209,frame_001209.jpg,0.3533,0
1210,frame_001210.jpg,0.351,0
1211,frame_001211.jpg,0.3513,0
1212,frame_001212.jpg,0.3525,0
1213,frame_001213.jpg,0.3492,0
1214,frame_001214.jpg,0.356,0
1215,frame_001215.jpg,0.3595,30
1216,frame_001216.jpg,0.3557,30
