index,filename,mean_abs_diff_vs_prev_gray8
0,frame_000000.jpg,
1,frame_000001.jpg,0.3835
2,frame_000002.jpg,0.3895
3,frame_000003.jpg,0.3721
4,frame_000004.jpg,0.3833
5,frame_000005.jpg,0.3844
6,frame_000006.jpg,0.3844
7,frame_000007.jpg,0.3774
8,frame_000008.jpg,0.3731
9,frame_000009.jpg,0.3828
10,frame_000010.jpg,0.3883
11,frame_000011.jpg,0.3942
12,frame_000012.jpg,0.373
13,frame_000013.jpg,0.3855
14,frame_000014.jpg,0.3847
15,frame_000015.jpg,0.3889
16,frame_000016.jpg,0.3831
17,frame_000017.jpg,0.3937
18,frame_000018.jpg,0.3834
19,frame_000019.jpg,0.3794
20,frame_000020.jpg,0.3822
21,frame_000021.jpg,0.3774
22,frame_000022.jpg,0.3826
23,frame_000023.jpg,0.3913
24,frame_000024.jpg,0.3786
25,frame_000025.jpg,0.3806
26,frame_000026.jpg,0.3828
27,frame_000027.jpg,0.3774
28,frame_000028.jpg,0.3831
29,frame_000029.jpg,0.3808
30,frame_000030.jpg,0.3719
31,frame_000031.jpg,0.3809
32,frame_000032.jpg,0.3881
33,frame_000033.jpg,0.3815
34,frame_000034.jpg,0.3776
35,frame_000035.jpg,0.3778
36,frame_000036.jpg,0.383
37,frame_000037.jpg,0.3769
38,frame_000038.jpg,0.381
39,frame_000039.jpg,0.381
40,frame_000040.jpg,0.3885
41,frame_000041.jpg,0.3901
42,frame_000042.jpg,0.3863
43,frame_000043.jpg,0.3811
44,frame_000044.jpg,0.3783
45,frame_000045.jpg,0.382
46,frame_000046.jpg,0.3858
47,frame_000047.jpg,0.3798
48,frame_000048.jpg,0.3785
49,frame_000049.jpg,0.3833
50,frame_000050.jpg,0.377
51,frame_000051.jpg,0.3757
52,frame_000052.jpg,0.3757
53,frame_000053.jpg,0.3862
54,frame_000054.jpg,0.3748
55,frame_000055.jpg,0.3783
56,frame_000056.jpg,0.3837
57,frame_000057.jpg,0.3799
58,frame_000058.jpg,0.376
59,frame_000059.jpg,0.3756
60,frame_000060.jpg,0.3817
61,frame_000061.jpg,0.3758
62,frame_000062.jpg,0.3816
63,frame_000063.jpg,0.3822
64,frame_000064.jpg,0.3802
65,frame_000065.jpg,0.3778
66,frame_000066.jpg,0.3791
67,frame_000067.jpg,0.3744
68,frame_000068.jpg,0.3862
69,frame_000069.jpg,0.38
70,frame_000070.jpg,0.3717
71,frame_000071.jpg,0.3782
72,frame_000072.jpg,0.3808
73,frame_000073.jpg,0.3724
74,frame_000074.jpg,0.375
75,frame_000075.jpg,0.3817
76,frame_000076.jpg,0.3881
77,frame_000077.jpg,0.3884
78,frame_000078.jpg,0.386
79,frame_000079.jpg,0.3801
80,frame_000080.jpg,0.3728
81,frame_000081.jpg,0.379
82,frame_000082.jpg,0.3812
83,frame_000083.jpg,0.3841
84,frame_000084.jpg,0.371
85,frame_000085.jpg,0.3772
86,frame_000086.jpg,0.3836
87,frame_000087.jpg,0.3839
88,frame_000088.jpg,0.3814
89,frame_000089.jpg,0.3814
90,frame_000090.jpg,0.3785
91,frame_000091.jpg,0.3748
92,frame_000092.jpg,0.3876
93,frame_000093.jpg,0.3871
94,frame_000094.jpg,0.3833
95,frame_000095.jpg,0.376
96,frame_000096.jpg,0.3742
97,frame_000097.jpg,0.3732
98,frame_000098.jpg,0.3757
99,frame_000099.jpg,0.3781
100,frame_000100.jpg,0.3753
101,frame_000101.jpg,0.3728
102,frame_000102.jpg,0.3741
103,frame_000103.jpg,0.3812
104,frame_000104.jpg,0.3894
105,frame_000105.jpg,0.3822
106,frame_000106.jpg,0.3829
107,frame_000107.jpg,0.3867
108,frame_000108.jpg,0.3834
109,frame_000109.jpg,0.3857
110,frame_000110.jpg,0.3805
111,frame_000111.jpg,0.3845
112,frame_000112.jpg,0.3801
113,frame_000113.jpg,0.3771
114,frame_000114.jpg,0.3827
115,frame_000115.jpg,0.3846
116,frame_000116.jpg,0.3831
117,frame_000117.jpg,0.3868
118,frame_000118.jpg,0.3822
119,frame_000119.jpg,0.3855
120,frame_000120.jpg,0.374
121,frame_000121.jpg,0.3755
122,frame_000122.jpg,0.3837
123,frame_000123.jpg,0.3837
124,frame_000124.jpg,0.3804
125,frame_000125.jpg,0.3829
126,frame_000126.jpg,0.3832
127,frame_000127.jpg,0.3812
128,frame_000128.jpg,0.3791
129,frame_000129.jpg,0.3808
130,frame_000130.jpg,0.3742
131,frame_000131.jpg,0.3771
132,frame_000132.jpg,0.3712
133,frame_000133.jpg,0.3806
134,frame_000134.jpg,0.3746
135,frame_000135.jpg,0.3833
136,frame_000136.jpg,0.3856
137,frame_000137.jpg,0.3813
138,frame_000138.jpg,0.3823
139,frame_000139.jpg,0.3828
140,frame_000140.jpg,0.3822
141,frame_000141.jpg,0.3815
142,frame_000142.jpg,0.3778
143,frame_000143.jpg,0.384
144,frame_000144.jpg,0.378
145,frame_000145.jpg,0.3804
146,frame_000146.jpg,0.3804
147,frame_000147.jpg,0.3853
148,frame_000148.jpg,0.3784
149,frame_000149.jpg,0.3809
150,frame_000150.jpg,0.3815
151,frame_000151.jpg,0.3798
152,frame_000152.jpg,0.3835
153,frame_000153.jpg,0.3834
154,frame_000154.jpg,0.3776
155,frame_000155.jpg,0.3803
156,frame_000156.jpg,0.3828
157,frame_000157.jpg,0.3849
158,frame_000158.jpg,0.3803
159,frame_000159.jpg,0.3798
160,frame_000160.jpg,0.3904
161,frame_000161.jpg,0.3796
162,frame_000162.jpg,0.3908
163,frame_000163.jpg,0.386
164,frame_000164.jpg,0.3823
165,frame_000165.jpg,0.3775
166,frame_000166.jpg,0.3842
167,frame_000167.jpg,0.3827
168,frame_000168.jpg,0.374
169,frame_000169.jpg,0.3818
170,frame_000170.jpg,0.3814
171,frame_000171.jpg,0.3816
172,frame_000172.jpg,0.3791
173,frame_000173.jpg,0.3782
174,frame_000174.jpg,0.3784
175,frame_000175.jpg,0.3769
176,frame_000176.jpg,0.3783
177,frame_000177.jpg,0.3757
178,frame_000178.jpg,0.3806
179,frame_000179.jpg,0.3794
180,frame_000180.jpg,0.3762
181,frame_000181.jpg,0.3861
182,frame_000182.jpg,0.3831
183,frame_000183.jpg,0.3784
184,frame_000184.jpg,0.3822
185,frame_000185.jpg,0.3798
186,frame_000186.jpg,0.381
187,frame_000187.jpg,0.3806
188,frame_000188.jpg,0.3813
189,frame_000189.jpg,0.379
190,frame_000190.jpg,0.3781
191,frame_000191.jpg,0.3837
192,frame_000192.jpg,0.3763
193,frame_000193.jpg,0.3801
194,frame_000194.jpg,0.3828
195,frame_000195.jpg,0.3825
196,frame_000196.jpg,0.3758
197,frame_000197.jpg,0.3797
198,frame_000198.jpg,0.3792
199,frame_000199.jpg,0.3856
200,frame_000200.jpg,0.3821
201,frame_000201.jpg,0.3861
202,frame_000202.jpg,0.3834
203,frame_000203.jpg,0.3752
204,frame_000204.jpg,0.3823
205,frame_000205.jpg,0.3819
206,frame_000206.jpg,0.3802
207,frame_000207.jpg,0.3842
208,frame_000208.jpg,0.379
209,frame_000209.jpg,0.3772
210,frame_000210.jpg,0.3781
211,frame_000211.jpg,0.3783
212,frame_000212.jpg,0.3829
213,frame_000213.jpg,0.3864
214,frame_000214.jpg,0.3799
215,frame_000215.jpg,0.3796
216,frame_000216.jpg,0.3733
217,frame_000217.jpg,0.3711
218,frame_000218.jpg,0.3824
219,frame_000219.jpg,0.3803
220,frame_000220.jpg,0.3805
221,frame_000221.jpg,0.3744
222,frame_000222.jpg,0.3737
223,frame_000223.jpg,0.376
224,frame_000224.jpg,0.381
225,frame_000225.jpg,0.3799
226,frame_000226.jpg,0.3862
227,frame_000227.jpg,0.3801
228,frame_000228.jpg,0.3716
229,frame_000229.jpg,0.3744
230,frame_000230.jpg,0.3724
231,frame_000231.jpg,0.3781
232,frame_000232.jpg,0.3732
233,frame_000233.jpg,0.3709
234,frame_000234.jpg,0.3869
235,frame_000235.jpg,0.3842
236,frame_000236.jpg,0.3835
237,frame_000237.jpg,0.3819
238,frame_000238.jpg,0.3922
239,frame_000239.jpg,0.3785
240,frame_000240.jpg,0.379
241,frame_000241.jpg,0.3866
242,frame_000242.jpg,0.3813
243,frame_000243.jpg,0.3831
244,frame_000244.jpg,0.3804
245,frame_000245.jpg,0.3817
246,frame_000246.jpg,0.3826
247,frame_000247.jpg,0.384
248,frame_000248.jpg,0.3824
249,frame_000249.jpg,0.3845
250,frame_000250.jpg,0.3791
251,frame_000251.jpg,0.3816
252,frame_000252.jpg,0.3871
253,frame_000253.jpg,0.3823
254,frame_000254.jpg,0.3803
255,frame_000255.jpg,0.3822
256,frame_000256.jpg,0.3853
257,frame_000257.jpg,0.3831
258,frame_000258.jpg,0.3785
259,frame_000259.jpg,0.3817
260,frame_000260.jpg,0.3789
261,frame_000261.jpg,0.3809
262,frame_000262.jpg,0.3781
263,frame_000263.jpg,0.3845
264,frame_000264.jpg,0.3778
265,frame_000265.jpg,0.3808
266,frame_000266.jpg,0.3785
267,frame_000267.jpg,0.3838
268,frame_000268.jpg,0.3778
269,frame_000269.jpg,0.3851
270,frame_000270.jpg,0.3802
271,frame_000271.jpg,0.3808
272,frame_000272.jpg,0.3876
273,frame_000273.jpg,0.3803
274,frame_000274.jpg,0.3806
275,frame_000275.jpg,0.3785
276,frame_000276.jpg,0.3752
277,frame_000277.jpg,0.3783
278,frame_000278.jpg,0.3812
279,frame_000279.jpg,0.3781
280,frame_000280.jpg,0.3772
281,frame_000281.jpg,0.3821
282,frame_000282.jpg,0.389
283,frame_000283.jpg,0.3875
284,frame_000284.jpg,0.3804
285,frame_000285.jpg,0.3752
286,frame_000286.jpg,0.3717
287,frame_000287.jpg,0.3827
288,frame_000288.jpg,0.3826
289,frame_000289.jpg,0.3793
290,frame_000290.jpg,0.3796
291,frame_000291.jpg,0.3778
292,frame_000292.jpg,0.3832
293,frame_000293.jpg,0.3768
294,frame_000294.jpg,0.3828
295,frame_000295.jpg,0.3799
296,frame_000296.jpg,0.3781
297,frame_000297.jpg,0.3825
298,frame_000298.jpg,0.3833
299,frame_000299.jpg,0.3784
300,frame_000300.jpg,0.3822
301,frame_000301.jpg,0.3772
302,frame_000302.jpg,0.3784
303,frame_000303.jpg,0.383
304,frame_000304.jpg,0.379
305,frame_000305.jpg,0.3782
306,frame_000306.jpg,0.3774
307,frame_000307.jpg,0.3834
308,frame_000308.jpg,0.3799
309,frame_000309.jpg,0.3814
310,frame_000310.jpg,0.3851
311,frame_000311.jpg,0.3783
312,frame_000312.jpg,0.3837
313,frame_000313.jpg,0.3756
314,frame_000314.jpg,0.384
315,frame_000315.jpg,0.3837
316,frame_000316.jpg,0.3934
317,frame_000317.jpg,0.3812
318,frame_000318.jpg,0.3806
319,frame_000319.jpg,0.3819
320,frame_000320.jpg,0.3851
321,frame_000321.jpg,0.3865
322,frame_000322.jpg,0.3847
323,frame_000323.jpg,0.3797
324,frame_000324.jpg,0.3861
325,frame_000325.jpg,0.3821
326,frame_000326.jpg,0.3829
327,frame_000327.jpg,0.3846
328,frame_000328.jpg,0.3795
329,frame_000329.jpg,0.3877
330,frame_000330.jpg,0.3832
331,frame_000331.jpg,0.3778
332,frame_000332.jpg,0.3765
333,frame_000333.jpg,0.3798
334,frame_000334.jpg,0.379
335,frame_000335.jpg,0.3784
336,frame_000336.jpg,0.3872
337,frame_000337.jpg,0.3876
338,frame_000338.jpg,0.3787
339,frame_000339.jpg,0.3808
340,frame_000340.jpg,0.3765
341,frame_000341.jpg,0.3828
342,frame_000342.jpg,0.3845
343,frame_000343.jpg,0.38
344,frame_000344.jpg,0.3785
345,frame_000345.jpg,0.3834
346,frame_000346.jpg,0.3793
347,frame_000347.jpg,0.3721
348,frame_000348.jpg,0.3693
349,frame_000349.jpg,0.383
350,frame_000350.jpg,0.3862
351,frame_000351.jpg,0.3831
352,frame_000352.jpg,0.3818
353,frame_000353.jpg,0.3753
354,frame_000354.jpg,0.3847
355,frame_000355.jpg,0.3841
356,frame_000356.jpg,0.3853
357,frame_000357.jpg,0.3838
358,frame_000358.jpg,0.3794
359,frame_000359.jpg,0.385
360,frame_000360.jpg,0.3867
361,frame_000361.jpg,0.3851
362,frame_000362.jpg,0.3801
363,frame_000363.jpg,0.3806
364,frame_000364.jpg,0.3792
365,frame_000365.jpg,0.3781
366,frame_000366.jpg,0.3844
367,frame_000367.jpg,0.3799
368,frame_000368.jpg,0.3889
369,frame_000369.jpg,0.3858
370,frame_000370.jpg,0.3831
371,frame_000371.jpg,0.3825
372,frame_000372.jpg,0.3917
373,frame_000373.jpg,0.5794
374,frame_000374.jpg,0.9426
375,frame_000375.jpg,0.5062
376,frame_000376.jpg,0.9124
377,frame_000377.jpg,0.4126
378,frame_000378.jpg,0.5153
379,frame_000379.jpg,0.5631
380,frame_000380.jpg,0.3853
381,frame_000381.jpg,0.3972
382,frame_000382.jpg,0.3935
383,frame_000383.jpg,0.3855
384,frame_000384.jpg,0.3856
385,frame_000385.jpg,0.3856
386,frame_000386.jpg,0.3869
387,frame_000387.jpg,0.3842
388,frame_000388.jpg,0.3812
389,frame_000389.jpg,0.3958
390,frame_000390.jpg,0.381
391,frame_000391.jpg,0.3881
392,frame_000392.jpg,0.3884
393,frame_000393.jpg,0.3859
394,frame_000394.jpg,0.3874
395,frame_000395.jpg,0.3822
396,frame_000396.jpg,0.3847
397,frame_000397.jpg,0.3874
398,frame_000398.jpg,0.3862
399,frame_000399.jpg,0.4219
400,frame_000400.jpg,0.5088
401,frame_000401.jpg,0.432
402,frame_000402.jpg,0.3915
403,frame_000403.jpg,0.4192
404,frame_000404.jpg,0.3963
405,frame_000405.jpg,0.3998
406,frame_000406.jpg,0.3895
407,frame_000407.jpg,0.3916
408,frame_000408.jpg,0.3886
409,frame_000409.jpg,0.397
410,frame_000410.jpg,0.3928
411,frame_000411.jpg,0.3891
412,frame_000412.jpg,0.3875
413,frame_000413.jpg,0.4003
414,frame_000414.jpg,0.387
415,frame_000415.jpg,0.386
416,frame_000416.jpg,0.3802
417,frame_000417.jpg,0.3924
418,frame_000418.jpg,0.3867
419,frame_000419.jpg,0.3884
420,frame_000420.jpg,0.3851
421,frame_000421.jpg,0.3876
422,frame_000422.jpg,0.3898
423,frame_000423.jpg,0.5583
424,frame_000424.jpg,0.391
425,frame_000425.jpg,0.3933
426,frame_000426.jpg,0.4175
427,frame_000427.jpg,0.5937
428,frame_000428.jpg,0.3892
429,frame_000429.jpg,0.3864
430,frame_000430.jpg,0.3856
431,frame_000431.jpg,0.3858
432,frame_000432.jpg,0.3822
433,frame_000433.jpg,0.3904
434,frame_000434.jpg,0.3745
435,frame_000435.jpg,0.3858
436,frame_000436.jpg,0.3915
437,frame_000437.jpg,0.3979
438,frame_000438.jpg,0.3876
439,frame_000439.jpg,0.3858
440,frame_000440.jpg,0.3861
441,frame_000441.jpg,0.389
442,frame_000442.jpg,0.384
443,frame_000443.jpg,0.3867
444,frame_000444.jpg,0.385
445,frame_000445.jpg,0.3878
446,frame_000446.jpg,0.3833
447,frame_000447.jpg,0.3855
448,frame_000448.jpg,0.3862
449,frame_000449.jpg,0.3851
450,frame_000450.jpg,0.3818
451,frame_000451.jpg,0.3875
452,frame_000452.jpg,0.3886
453,frame_000453.jpg,0.4019
454,frame_000454.jpg,0.3886
455,frame_000455.jpg,0.3877
456,frame_000456.jpg,0.3899
457,frame_000457.jpg,0.3876
458,frame_000458.jpg,0.3819
459,frame_000459.jpg,0.386
460,frame_000460.jpg,0.3788
461,frame_000461.jpg,0.3762
462,frame_000462.jpg,0.3815
463,frame_000463.jpg,0.3974
464,frame_000464.jpg,0.3885
465,frame_000465.jpg,0.3883
466,frame_000466.jpg,0.3768
467,frame_000467.jpg,0.3893
468,frame_000468.jpg,0.3872
469,frame_000469.jpg,0.3897
470,frame_000470.jpg,0.3897
471,frame_000471.jpg,0.3878
472,frame_000472.jpg,0.3846
473,frame_000473.jpg,0.3897
474,frame_000474.jpg,0.3883
475,frame_000475.jpg,0.3889
476,frame_000476.jpg,0.3816
477,frame_000477.jpg,0.3891
478,frame_000478.jpg,0.3785
479,frame_000479.jpg,0.3959
480,frame_000480.jpg,0.3875
481,frame_000481.jpg,0.3839
482,frame_000482.jpg,0.3835
483,frame_000483.jpg,0.3936
484,frame_000484.jpg,0.3888
485,frame_000485.jpg,0.3808
486,frame_000486.jpg,0.3962
487,frame_000487.jpg,0.3909
488,frame_000488.jpg,0.391
489,frame_000489.jpg,0.4002
490,frame_000490.jpg,0.3964
491,frame_000491.jpg,0.3848
492,frame_000492.jpg,0.3832
493,frame_000493.jpg,0.382
494,frame_000494.jpg,0.3919
495,frame_000495.jpg,0.3905
496,frame_000496.jpg,0.3903
497,frame_000497.jpg,0.3909
498,frame_000498.jpg,0.3924
499,frame_000499.jpg,0.3851
500,frame_000500.jpg,0.3888
501,frame_000501.jpg,0.3972
502,frame_000502.jpg,0.3854
503,frame_000503.jpg,0.3986
504,frame_000504.jpg,0.3911
505,frame_000505.jpg,0.3839
506,frame_000506.jpg,0.381
507,frame_000507.jpg,0.3908
508,frame_000508.jpg,0.3883
509,frame_000509.jpg,0.3784
510,frame_000510.jpg,0.3853
511,frame_000511.jpg,0.391
512,frame_000512.jpg,0.3846
513,frame_000513.jpg,0.3855
514,frame_000514.jpg,0.3908
515,frame_000515.jpg,0.3908
516,frame_000516.jpg,0.3901
517,frame_000517.jpg,0.3937
518,frame_000518.jpg,0.3869
519,frame_000519.jpg,0.3953
520,frame_000520.jpg,0.3856
521,frame_000521.jpg,0.39
522,frame_000522.jpg,0.3801
523,frame_000523.jpg,0.3821
524,frame_000524.jpg,0.3867
525,frame_000525.jpg,0.3914
526,frame_000526.jpg,0.3833
527,frame_000527.jpg,0.393
528,frame_000528.jpg,0.3915
529,frame_000529.jpg,0.3971
530,frame_000530.jpg,0.3876
531,frame_000531.jpg,0.3875
532,frame_000532.jpg,0.3849
533,frame_000533.jpg,0.3951
534,frame_000534.jpg,0.3922
535,frame_000535.jpg,0.3947
536,frame_000536.jpg,0.3912
537,frame_000537.jpg,0.3885
538,frame_000538.jpg,0.3906
539,frame_000539.jpg,0.3957
540,frame_000540.jpg,0.3882
541,frame_000541.jpg,0.3974
542,frame_000542.jpg,0.3992
543,frame_000543.jpg,0.3887
544,frame_000544.jpg,0.3979
545,frame_000545.jpg,0.3856
546,frame_000546.jpg,0.3869
547,frame_000547.jpg,0.3826
548,frame_000548.jpg,0.3853
549,frame_000549.jpg,0.3881
550,frame_000550.jpg,0.3857
551,frame_000551.jpg,0.3937
552,frame_000552.jpg,0.3857
553,frame_000553.jpg,0.3867
554,frame_000554.jpg,0.3874
555,frame_000555.jpg,0.4018
556,frame_000556.jpg,0.3876
557,frame_000557.jpg,0.3883
558,frame_000558.jpg,0.3874
559,frame_000559.jpg,0.3974
560,frame_000560.jpg,0.3991
561,frame_000561.jpg,0.3944
562,frame_000562.jpg,0.3915
563,frame_000563.jpg,0.395
564,frame_000564.jpg,0.3985
565,frame_000565.jpg,0.3985
566,frame_000566.jpg,0.3899
567,frame_000567.jpg,0.3852
568,frame_000568.jpg,0.3902
569,frame_000569.jpg,0.3876
570,frame_000570.jpg,0.3882
571,frame_000571.jpg,0.3837
572,frame_000572.jpg,0.3967
573,frame_000573.jpg,0.3934
574,frame_000574.jpg,0.3845
575,frame_000575.jpg,0.3809
576,frame_000576.jpg,0.3903
577,frame_000577.jpg,0.3928
578,frame_000578.jpg,0.3812
579,frame_000579.jpg,0.3839
580,frame_000580.jpg,0.3797
581,frame_000581.jpg,0.3887
582,frame_000582.jpg,0.3965
583,frame_000583.jpg,0.3947
584,frame_000584.jpg,0.3829
585,frame_000585.jpg,0.3869
586,frame_000586.jpg,0.3785
587,frame_000587.jpg,0.3859
588,frame_000588.jpg,0.3925
589,frame_000589.jpg,0.3924
590,frame_000590.jpg,0.396
591,frame_000591.jpg,0.3893
592,frame_000592.jpg,0.3825
593,frame_000593.jpg,0.3915
594,frame_000594.jpg,0.39
595,frame_000595.jpg,0.3837
596,frame_000596.jpg,0.3902
597,frame_000597.jpg,0.3866
598,frame_000598.jpg,0.3915
599,frame_000599.jpg,0.3942
600,frame_000600.jpg,0.3897
601,frame_000601.jpg,0.3898
602,frame_000602.jpg,0.3871
603,frame_000603.jpg,0.3911
604,frame_000604.jpg,0.3876
605,frame_000605.jpg,0.388
606,frame_000606.jpg,0.3868
607,frame_000607.jpg,0.383
608,frame_000608.jpg,0.3884
609,frame_000609.jpg,0.3937
610,frame_000610.jpg,0.3864
611,frame_000611.jpg,0.3865
612,frame_000612.jpg,0.3942
613,frame_000613.jpg,0.3908
614,frame_000614.jpg,0.3892
615,frame_000615.jpg,0.3923
616,frame_000616.jpg,0.3949
617,frame_000617.jpg,0.3983
618,frame_000618.jpg,0.389
619,frame_000619.jpg,0.3921
620,frame_000620.jpg,0.3898
621,frame_000621.jpg,0.3977
622,frame_000622.jpg,0.3905
623,frame_000623.jpg,0.3942
624,frame_000624.jpg,0.3859
625,frame_000625.jpg,0.3897
626,frame_000626.jpg,0.3885
627,frame_000627.jpg,0.3937
628,frame_000628.jpg,0.3956
629,frame_000629.jpg,0.4081
630,frame_000630.jpg,0.3874
631,frame_000631.jpg,0.3922
632,frame_000632.jpg,0.3956
633,frame_000633.jpg,0.3996
634,frame_000634.jpg,0.3942
635,frame_000635.jpg,0.386
636,frame_000636.jpg,0.3831
637,frame_000637.jpg,0.3842
638,frame_000638.jpg,0.4017
639,frame_000639.jpg,0.4018
640,frame_000640.jpg,0.3898
641,frame_000641.jpg,0.3958
642,frame_000642.jpg,0.3837
643,frame_000643.jpg,0.3909
644,frame_000644.jpg,0.3912
645,frame_000645.jpg,0.3949
646,frame_000646.jpg,0.3923
647,frame_000647.jpg,0.3908
648,frame_000648.jpg,0.3969
649,frame_000649.jpg,0.3881
650,frame_000650.jpg,0.3872
651,frame_000651.jpg,0.3958
652,frame_000652.jpg,0.3901
653,frame_000653.jpg,0.3972
654,frame_000654.jpg,0.3828
655,frame_000655.jpg,0.3812
656,frame_000656.jpg,0.3935
657,frame_000657.jpg,0.3871
658,frame_000658.jpg,0.3835
659,frame_000659.jpg,0.3844
660,frame_000660.jpg,0.3945
661,frame_000661.jpg,0.3945
662,frame_000662.jpg,0.395
663,frame_000663.jpg,0.3949
664,frame_000664.jpg,0.3949
665,frame_000665.jpg,0.3886
666,frame_000666.jpg,0.3925
667,frame_000667.jpg,0.4
668,frame_000668.jpg,0.396
669,frame_000669.jpg,0.3883
670,frame_000670.jpg,0.3909
671,frame_000671.jpg,0.3883
672,frame_000672.jpg,0.3973
673,frame_000673.jpg,0.4047
674,frame_000674.jpg,0.3919
675,frame_000675.jpg,0.3869
676,frame_000676.jpg,0.3913
677,frame_000677.jpg,0.3986
678,frame_000678.jpg,0.4044
679,frame_000679.jpg,0.3955
680,frame_000680.jpg,0.3992
681,frame_000681.jpg,0.4021
682,frame_000682.jpg,0.3928
683,frame_000683.jpg,0.3948
684,frame_000684.jpg,0.3944
685,frame_000685.jpg,0.396
686,frame_000686.jpg,0.3974
687,frame_000687.jpg,0.3965
688,frame_000688.jpg,0.3954
689,frame_000689.jpg,0.3976
690,frame_000690.jpg,0.3819
691,frame_000691.jpg,0.391
692,frame_000692.jpg,0.3945
693,frame_000693.jpg,0.3943
694,frame_000694.jpg,0.3912
695,frame_000695.jpg,0.3966
696,frame_000696.jpg,0.3905
697,frame_000697.jpg,0.3904
698,frame_000698.jpg,0.3953
699,frame_000699.jpg,0.3892
700,frame_000700.jpg,0.3828
701,frame_000701.jpg,0.3894
702,frame_000702.jpg,0.3981
703,frame_000703.jpg,0.3888
704,frame_000704.jpg,0.3882
705,frame_000705.jpg,0.3881
706,frame_000706.jpg,0.3871
707,frame_000707.jpg,0.398
708,frame_000708.jpg,0.4016
709,frame_000709.jpg,0.3963
710,frame_000710.jpg,0.3817
711,frame_000711.jpg,0.3914
712,frame_000712.jpg,0.3928
713,frame_000713.jpg,0.3857
714,frame_000714.jpg,0.3922
715,frame_000715.jpg,0.3928
716,frame_000716.jpg,0.3927
717,frame_000717.jpg,0.3894
718,frame_000718.jpg,0.3962
719,frame_000719.jpg,0.3951
720,frame_000720.jpg,0.3868
721,frame_000721.jpg,0.3883
722,frame_000722.jpg,0.3892
723,frame_000723.jpg,0.3869
724,frame_000724.jpg,0.3844
725,frame_000725.jpg,0.393
726,frame_000726.jpg,0.3908
727,frame_000727.jpg,0.3858
728,frame_000728.jpg,0.3862
729,frame_000729.jpg,0.3891
730,frame_000730.jpg,0.3908
731,frame_000731.jpg,0.383
732,frame_000732.jpg,0.381
733,frame_000733.jpg,0.3821
734,frame_000734.jpg,0.3942
735,frame_000735.jpg,0.3908
736,frame_000736.jpg,0.395
737,frame_000737.jpg,0.3987
738,frame_000738.jpg,0.3887
739,frame_000739.jpg,0.3853
740,frame_000740.jpg,0.3929
741,frame_000741.jpg,0.3831
742,frame_000742.jpg,0.3853
743,frame_000743.jpg,0.3908
744,frame_000744.jpg,0.3919
745,frame_000745.jpg,0.3876
746,frame_000746.jpg,0.3904
747,frame_000747.jpg,0.3861
748,frame_000748.jpg,0.3904
749,frame_000749.jpg,0.3858
750,frame_000750.jpg,0.3828
751,frame_000751.jpg,0.3894
752,frame_000752.jpg,0.3844
753,frame_000753.jpg,0.3872
754,frame_000754.jpg,0.3847
755,frame_000755.jpg,0.3908
756,frame_000756.jpg,0.3849
757,frame_000757.jpg,0.3853
758,frame_000758.jpg,0.3889
759,frame_000759.jpg,0.3864
760,frame_000760.jpg,0.3876
761,frame_000761.jpg,0.3822
762,frame_000762.jpg,0.3889
763,frame_000763.jpg,0.3912
764,frame_000764.jpg,0.3819
765,frame_000765.jpg,0.3933
766,frame_000766.jpg,0.3794
767,frame_000767.jpg,0.3802
768,frame_000768.jpg,0.3813
769,frame_000769.jpg,0.379
770,frame_000770.jpg,0.3846
771,frame_000771.jpg,0.3866
772,frame_000772.jpg,0.3854
773,frame_000773.jpg,0.3831
774,frame_000774.jpg,0.3871
775,frame_000775.jpg,0.3877
776,frame_000776.jpg,0.389
777,frame_000777.jpg,0.3842
778,frame_000778.jpg,0.3933
779,frame_000779.jpg,0.3945
780,frame_000780.jpg,0.3947
781,frame_000781.jpg,0.3911
782,frame_000782.jpg,0.3831
783,frame_000783.jpg,0.3849
784,frame_000784.jpg,0.3826
785,frame_000785.jpg,0.3913
786,frame_000786.jpg,0.3946
787,frame_000787.jpg,0.395
788,frame_000788.jpg,0.3939
789,frame_000789.jpg,0.3926
790,frame_000790.jpg,0.382
791,frame_000791.jpg,0.3865
792,frame_000792.jpg,0.3778
793,frame_000793.jpg,0.3929
794,frame_000794.jpg,0.3905
795,frame_000795.jpg,0.388
796,frame_000796.jpg,0.3982
797,frame_000797.jpg,0.3951
798,frame_000798.jpg,0.406
799,frame_000799.jpg,0.405
800,frame_000800.jpg,0.3925
801,frame_000801.jpg,0.3862
802,frame_000802.jpg,0.4015
803,frame_000803.jpg,0.3947
804,frame_000804.jpg,0.3915
805,frame_000805.jpg,0.4066
806,frame_000806.jpg,0.3967
807,frame_000807.jpg,0.4138
808,frame_000808.jpg,0.3926
809,frame_000809.jpg,0.3924
810,frame_000810.jpg,0.3957
811,frame_000811.jpg,0.3983
812,frame_000812.jpg,0.4034
813,frame_000813.jpg,0.3917
814,frame_000814.jpg,0.3967
815,frame_000815.jpg,0.3989
816,frame_000816.jpg,0.39
817,frame_000817.jpg,0.3937
818,frame_000818.jpg,0.386
819,frame_000819.jpg,0.3903
820,frame_000820.jpg,0.3942
821,frame_000821.jpg,0.3994
822,frame_000822.jpg,0.3849
823,frame_000823.jpg,0.3875
824,frame_000824.jpg,0.3933
825,frame_000825.jpg,0.3866
826,frame_000826.jpg,0.3918
827,frame_000827.jpg,0.3844
828,frame_000828.jpg,0.386
829,frame_000829.jpg,0.385
830,frame_000830.jpg,0.3873
831,frame_000831.jpg,0.3782
832,frame_000832.jpg,0.3821
833,frame_000833.jpg,0.3865
834,frame_000834.jpg,0.3918
835,frame_000835.jpg,0.3913
836,frame_000836.jpg,0.3919
837,frame_000837.jpg,0.3872
838,frame_000838.jpg,0.3872
839,frame_000839.jpg,0.3836
840,frame_000840.jpg,0.3875
841,frame_000841.jpg,0.3828
842,frame_000842.jpg,0.3833
843,frame_000843.jpg,0.3842
844,frame_000844.jpg,0.3874
845,frame_000845.jpg,0.3808
846,frame_000846.jpg,0.3875
847,frame_000847.jpg,0.3841
848,frame_000848.jpg,0.3883
849,frame_000849.jpg,0.3842
850,frame_000850.jpg,0.3802
851,frame_000851.jpg,0.3883
852,frame_000852.jpg,0.3801
853,frame_000853.jpg,0.3863
854,frame_000854.jpg,0.3858
855,frame_000855.jpg,0.394
856,frame_000856.jpg,0.3874
857,frame_000857.jpg,0.3948
858,frame_000858.jpg,0.3844
859,frame_000859.jpg,0.391
860,frame_000860.jpg,0.3888
861,frame_000861.jpg,0.3904
862,frame_000862.jpg,0.3867
863,frame_000863.jpg,0.3765
864,frame_000864.jpg,0.3833
865,frame_000865.jpg,0.3828
866,frame_000866.jpg,0.3849
867,frame_000867.jpg,0.3931
868,frame_000868.jpg,0.3831
869,frame_000869.jpg,0.3821
870,frame_000870.jpg,0.3783
871,frame_000871.jpg,0.3853
872,frame_000872.jpg,0.3845
873,frame_000873.jpg,0.386
874,frame_000874.jpg,0.3811
875,frame_000875.jpg,0.3808
876,frame_000876.jpg,0.3835
877,frame_000877.jpg,0.3836
878,frame_000878.jpg,0.3842
879,frame_000879.jpg,0.3874
880,frame_000880.jpg,0.3837
881,frame_000881.jpg,0.3883
882,frame_000882.jpg,0.3842
883,frame_000883.jpg,0.3852
884,frame_000884.jpg,0.3956
885,frame_000885.jpg,0.3842
886,frame_000886.jpg,0.381
887,frame_000887.jpg,0.3774
888,frame_000888.jpg,0.3826
889,frame_000889.jpg,0.3865
890,frame_000890.jpg,0.3823
891,frame_000891.jpg,0.3842
892,frame_000892.jpg,0.3744
893,frame_000893.jpg,0.3886
894,frame_000894.jpg,0.3911
895,frame_000895.jpg,0.3921
896,frame_000896.jpg,0.3829
897,frame_000897.jpg,0.3816
898,frame_000898.jpg,0.3816
899,frame_000899.jpg,0.3834
900,frame_000900.jpg,0.3805
901,frame_000901.jpg,0.3922
902,frame_000902.jpg,0.3832
903,frame_000903.jpg,0.3834
904,frame_000904.jpg,0.3885
905,frame_000905.jpg,0.3826
906,frame_000906.jpg,0.3873
907,frame_000907.jpg,0.3917
908,frame_000908.jpg,0.3922
909,frame_000909.jpg,0.386
910,frame_000910.jpg,0.3863
911,frame_000911.jpg,0.389
912,frame_000912.jpg,0.3807
913,frame_000913.jpg,0.3837
914,frame_000914.jpg,0.3966
915,frame_000915.jpg,0.3869
916,frame_000916.jpg,0.3836
917,frame_000917.jpg,0.3859
918,frame_000918.jpg,0.3841
919,frame_000919.jpg,0.3865
920,frame_000920.jpg,0.3814
921,frame_000921.jpg,0.3894
922,frame_000922.jpg,0.3808
923,frame_000923.jpg,0.3813
924,frame_000924.jpg,0.3783
925,frame_000925.jpg,0.3876
926,frame_000926.jpg,0.3887
927,frame_000927.jpg,0.3951
928,frame_000928.jpg,0.3788
929,frame_000929.jpg,0.3856
930,frame_000930.jpg,0.3853
931,frame_000931.jpg,0.388
932,frame_000932.jpg,0.3837
933,frame_000933.jpg,0.3773
934,frame_000934.jpg,0.3842
935,frame_000935.jpg,0.3843
936,frame_000936.jpg,0.3851
937,frame_000937.jpg,0.384
938,frame_000938.jpg,0.3898
939,frame_000939.jpg,0.3895
940,frame_000940.jpg,0.3865
941,frame_000941.jpg,0.3769
942,frame_000942.jpg,0.387
943,frame_000943.jpg,0.3894
944,frame_000944.jpg,0.3887
945,frame_000945.jpg,0.3787
946,frame_000946.jpg,0.3799
947,frame_000947.jpg,0.3844
