index,filename,blob_px,cx_px,cy_px,bw_px,bh_px
0,frame_000000.jpg,39,1018.8,595.2,44.0,32.0
1,frame_000001.jpg,39,1018.8,595.2,44.0,32.0
2,frame_000002.jpg,39,1018.8,595.2,44.0,32.0
3,frame_000003.jpg,39,1018.8,595.2,44.0,32.0
4,frame_000004.jpg,39,1018.8,595.2,44.0,32.0
5,frame_000005.jpg,39,1018.8,595.2,44.0,32.0
6,frame_000006.jpg,40,1018.3,594.8,44.0,32.0
7,frame_000007.jpg,39,1018.8,595.2,44.0,32.0
8,frame_000008.jpg,39,1018.8,595.2,44.0,32.0
9,frame_000009.jpg,39,1018.8,595.2,44.0,32.0
10,frame_000010.jpg,39,1018.5,595.0,44.0,32.0
11,frame_000011.jpg,39,1018.8,595.2,44.0,32.0
12,frame_000012.jpg,39,1018.8,595.2,44.0,32.0
13,frame_000013.jpg,39,1018.8,595.2,44.0,32.0
14,frame_000014.jpg,38,1018.9,595.4,44.0,32.0
15,frame_000015.jpg,39,1018.8,595.2,44.0,32.0
16,frame_000016.jpg,39,1018.8,595.2,44.0,32.0
17,frame_000017.jpg,40,1018.3,594.8,44.0,32.0
18,frame_000018.jpg,39,1018.8,595.2,44.0,32.0
19,frame_000019.jpg,40,1018.3,594.8,44.0,32.0
20,frame_000020.jpg,39,1018.8,595.2,44.0,32.0
21,frame_000021.jpg,39,1018.8,595.2,44.0,32.0
22,frame_000022.jpg,39,1018.8,595.2,44.0,32.0
23,frame_000023.jpg,40,1018.3,594.8,44.0,32.0
24,frame_000024.jpg,39,1018.8,595.2,44.0,32.0
25,frame_000025.jpg,39,1018.8,595.2,44.0,32.0
26,frame_000026.jpg,39,1018.8,595.2,44.0,32.0
27,frame_000027.jpg,39,1018.8,595.2,44.0,32.0
28,frame_000028.jpg,38,1018.3,594.9,44.0,32.0
29,frame_000029.jpg,38,1018.3,594.9,44.0,32.0
30,frame_000030.jpg,38,1018.3,594.9,44.0,32.0
31,frame_000031.jpg,38,1018.3,594.9,44.0,32.0
32,frame_000032.jpg,38,1018.3,594.9,44.0,32.0
33,frame_000033.jpg,38,1018.3,594.9,44.0,32.0
34,frame_000034.jpg,22,1017.8,587.1,44.0,20.0
35,frame_000035.jpg,19,1015.2,587.8,36.0,16.0
36,frame_000036.jpg,22,1017.8,587.1,44.0,20.0
37,frame_000037.jpg,19,1015.2,587.8,36.0,16.0
38,frame_000038.jpg,19,1015.2,587.8,36.0,16.0
39,frame_000039.jpg,19,1015.2,587.8,36.0,16.0
40,frame_000040.jpg,19,1015.2,587.8,36.0,16.0
41,frame_000041.jpg,19,1015.2,587.8,36.0,16.0
42,frame_000042.jpg,19,1015.2,587.8,36.0,16.0
43,frame_000043.jpg,19,1015.2,587.8,36.0,16.0
44,frame_000044.jpg,19,1015.2,587.8,36.0,16.0
45,frame_000045.jpg,19,1015.2,587.8,36.0,16.0
46,frame_000046.jpg,19,1015.2,587.8,36.0,16.0
47,frame_000047.jpg,19,1015.2,587.8,36.0,16.0
48,frame_000048.jpg,19,1015.2,587.8,36.0,16.0
49,frame_000049.jpg,36,1016.4,596.2,40.0,28.0
50,frame_000050.jpg,36,1016.4,596.2,40.0,28.0
51,frame_000051.jpg,35,1016.3,596.2,40.0,28.0
52,frame_000052.jpg,35,1016.3,596.2,40.0,28.0
53,frame_000053.jpg,35,1016.3,596.2,40.0,28.0
54,frame_000054.jpg,35,1016.3,596.2,40.0,28.0
55,frame_000055.jpg,35,1016.3,596.2,40.0,28.0
56,frame_000056.jpg,38,1017.8,595.1,44.0,32.0
57,frame_000057.jpg,38,1017.8,595.1,44.0,32.0
58,frame_000058.jpg,39,1017.3,595.4,44.0,32.0
59,frame_000059.jpg,39,1017.3,595.4,44.0,32.0
60,frame_000060.jpg,37,1016.8,595.2,44.0,32.0
61,frame_000061.jpg,36,1016.2,595.7,44.0,32.0
62,frame_000062.jpg,37,1016.0,595.6,44.0,32.0
63,frame_000063.jpg,36,1016.6,595.9,40.0,32.0
64,frame_000064.jpg,34,1015.5,596.7,36.0,28.0
65,frame_000065.jpg,34,1015.5,596.7,36.0,28.0
66,frame_000066.jpg,34,1015.5,596.7,36.0,28.0
67,frame_000067.jpg,34,1015.9,596.4,36.0,28.0
68,frame_000068.jpg,33,1015.5,596.7,36.0,28.0
69,frame_000069.jpg,33,1015.5,596.7,36.0,28.0
70,frame_000070.jpg,16,1014.2,587.8,28.0,16.0
71,frame_000071.jpg,17,1014.1,588.2,28.0,16.0
72,frame_000072.jpg,17,1014.1,588.2,28.0,16.0
73,frame_000073.jpg,17,1014.1,588.2,28.0,16.0
74,frame_000074.jpg,17,1014.1,588.2,28.0,16.0
75,frame_000075.jpg,17,1014.1,588.2,28.0,16.0
76,frame_000076.jpg,17,1014.1,588.2,28.0,16.0
77,frame_000077.jpg,17,1014.1,588.2,28.0,16.0
78,frame_000078.jpg,17,1014.1,588.2,28.0,16.0
79,frame_000079.jpg,17,1014.1,588.2,28.0,16.0
80,frame_000080.jpg,17,1014.1,588.2,28.0,16.0
81,frame_000081.jpg,33,1015.4,596.7,36.0,28.0
82,frame_000082.jpg,33,1015.4,596.7,36.0,28.0
83,frame_000083.jpg,32,1015.1,597.0,36.0,28.0
84,frame_000084.jpg,17,1014.1,588.2,28.0,16.0
85,frame_000085.jpg,34,1014.9,596.9,36.0,28.0
86,frame_000086.jpg,33,1014.7,597.2,36.0,28.0
87,frame_000087.jpg,16,1013.5,588.2,28.0,16.0
88,frame_000088.jpg,30,1014.4,596.1,32.0,28.0
89,frame_000089.jpg,17,1014.1,588.2,28.0,16.0
90,frame_000090.jpg,17,1014.1,588.2,28.0,16.0
91,frame_000091.jpg,16,1013.5,588.2,28.0,16.0
92,frame_000092.jpg,17,1014.1,588.2,28.0,16.0
93,frame_000093.jpg,17,1014.1,588.2,28.0,16.0
94,frame_000094.jpg,17,1014.1,588.2,28.0,16.0
95,frame_000095.jpg,17,1014.1,588.2,28.0,16.0
96,frame_000096.jpg,17,1014.1,588.2,28.0,16.0
97,frame_000097.jpg,17,1014.1,588.2,28.0,16.0
98,frame_000098.jpg,17,1014.1,588.2,28.0,16.0
99,frame_000099.jpg,17,1014.1,588.2,28.0,16.0
100,frame_000100.jpg,17,1014.1,588.2,28.0,16.0
101,frame_000101.jpg,17,1014.1,588.2,28.0,16.0
102,frame_000102.jpg,17,1014.1,588.2,28.0,16.0
103,frame_000103.jpg,17,1014.1,588.2,28.0,16.0
104,frame_000104.jpg,17,1014.1,588.2,28.0,16.0
105,frame_000105.jpg,17,1014.1,588.2,28.0,16.0
106,frame_000106.jpg,17,1014.1,588.2,28.0,16.0
107,frame_000107.jpg,17,1014.1,588.2,28.0,16.0
108,frame_000108.jpg,17,1014.1,588.2,28.0,16.0
109,frame_000109.jpg,17,1014.1,588.2,28.0,16.0
110,frame_000110.jpg,17,1014.1,588.2,28.0,16.0
111,frame_000111.jpg,17,1014.1,588.2,28.0,16.0
112,frame_000112.jpg,34,1015.1,597.1,36.0,28.0
113,frame_000113.jpg,34,1015.1,597.1,36.0,28.0
114,frame_000114.jpg,34,1015.5,596.7,36.0,28.0
115,frame_000115.jpg,33,1015.9,596.5,36.0,28.0
116,frame_000116.jpg,34,1015.5,596.7,36.0,28.0
117,frame_000117.jpg,35,1016.8,596.0,40.0,32.0
118,frame_000118.jpg,36,1017.0,595.9,40.0,32.0
119,frame_000119.jpg,37,1017.4,596.1,40.0,32.0
120,frame_000120.jpg,38,1017.8,595.1,44.0,32.0
121,frame_000121.jpg,38,1017.8,595.1,44.0,32.0
122,frame_000122.jpg,38,1017.8,595.1,44.0,32.0
123,frame_000123.jpg,35,1016.3,596.2,40.0,28.0
124,frame_000124.jpg,35,1016.3,596.2,40.0,28.0
125,frame_000125.jpg,35,1016.3,596.2,40.0,28.0
126,frame_000126.jpg,35,1016.8,596.0,40.0,28.0
127,frame_000127.jpg,35,1016.3,596.2,40.0,28.0
128,frame_000128.jpg,35,1016.8,596.0,40.0,28.0
129,frame_000129.jpg,36,1016.4,596.2,40.0,28.0
130,frame_000130.jpg,36,1016.4,596.2,40.0,28.0
131,frame_000131.jpg,36,1016.4,596.2,40.0,28.0
132,frame_000132.jpg,35,1016.8,596.0,40.0,28.0
133,frame_000133.jpg,19,1015.2,587.8,36.0,16.0
134,frame_000134.jpg,19,1015.2,587.8,36.0,16.0
135,frame_000135.jpg,19,1015.2,587.8,36.0,16.0
136,frame_000136.jpg,19,1015.2,587.8,36.0,16.0
137,frame_000137.jpg,19,1015.2,587.8,36.0,16.0
138,frame_000138.jpg,19,1015.2,587.8,36.0,16.0
139,frame_000139.jpg,18,1014.9,587.3,36.0,16.0
140,frame_000140.jpg,19,1015.2,587.8,36.0,16.0
141,frame_000141.jpg,19,1015.2,587.8,36.0,16.0
142,frame_000142.jpg,18,1016.2,588.0,32.0,16.0
143,frame_000143.jpg,17,1016.0,587.5,32.0,16.0
144,frame_000144.jpg,17,1016.0,587.5,32.0,16.0
145,frame_000145.jpg,17,1016.0,587.5,32.0,16.0
146,frame_000146.jpg,17,1016.0,587.5,32.0,16.0
147,frame_000147.jpg,17,1016.2,587.5,32.0,16.0
148,frame_000148.jpg,16,1016.0,587.0,32.0,12.0
149,frame_000149.jpg,16,1016.0,587.0,32.0,12.0
150,frame_000150.jpg,16,1016.0,587.0,32.0,12.0
151,frame_000151.jpg,16,1016.0,587.0,32.0,12.0
152,frame_000152.jpg,16,1016.0,587.0,32.0,12.0
153,frame_000153.jpg,17,1016.2,587.5,32.0,16.0
154,frame_000154.jpg,16,1016.0,587.0,32.0,12.0
155,frame_000155.jpg,16,1016.0,587.0,32.0,12.0
156,frame_000156.jpg,17,1016.2,587.5,32.0,16.0
157,frame_000157.jpg,16,1016.0,587.0,32.0,12.0
158,frame_000158.jpg,17,1016.2,587.5,32.0,16.0
159,frame_000159.jpg,17,1016.2,587.5,32.0,16.0
160,frame_000160.jpg,16,1016.5,587.5,32.0,16.0
161,frame_000161.jpg,16,1016.5,587.5,32.0,16.0
162,frame_000162.jpg,16,1016.5,587.5,32.0,16.0
163,frame_000163.jpg,16,1016.5,587.5,32.0,16.0
164,frame_000164.jpg,16,1016.5,587.5,32.0,16.0
165,frame_000165.jpg,16,1016.5,587.5,32.0,16.0
166,frame_000166.jpg,16,1016.5,587.5,32.0,16.0
167,frame_000167.jpg,17,1019.1,605.9,36.0,8.0
168,frame_000168.jpg,17,1019.1,605.9,36.0,8.0
169,frame_000169.jpg,17,1019.1,605.9,36.0,8.0
170,frame_000170.jpg,31,1017.5,596.0,40.0,28.0
171,frame_000171.jpg,32,1017.1,596.4,40.0,28.0
172,frame_000172.jpg,29,1017.2,594.2,40.0,32.0
173,frame_000173.jpg,26,1018.6,594.6,36.0,28.0
174,frame_000174.jpg,28,1018.9,593.3,40.0,32.0
175,frame_000175.jpg,28,1018.9,593.3,40.0,32.0
176,frame_000176.jpg,26,1018.3,593.1,40.0,28.0
177,frame_000177.jpg,26,1018.3,593.1,40.0,28.0
178,frame_000178.jpg,24,1019.7,594.0,36.0,28.0
179,frame_000179.jpg,24,1019.7,594.0,36.0,28.0
180,frame_000180.jpg,22,1020.5,594.9,36.0,28.0
181,frame_000181.jpg,22,1020.5,594.9,36.0,28.0
182,frame_000182.jpg,22,1020.5,594.9,36.0,28.0
183,frame_000183.jpg,22,1020.5,594.9,36.0,28.0
184,frame_000184.jpg,22,1020.5,594.9,36.0,28.0
185,frame_000185.jpg,22,1020.9,595.3,36.0,28.0
186,frame_000186.jpg,13,1021.8,602.8,36.0,8.0
187,frame_000187.jpg,24,1021.3,596.0,36.0,28.0
188,frame_000188.jpg,14,1021.4,602.3,36.0,8.0
189,frame_000189.jpg,16,1020.0,602.0,36.0,8.0
190,frame_000190.jpg,25,1021.1,595.8,32.0,28.0
191,frame_000191.jpg,24,1020.7,595.5,32.0,28.0
192,frame_000192.jpg,17,1021.2,593.2,32.0,24.0
193,frame_000193.jpg,17,1021.4,593.4,32.0,20.0
194,frame_000194.jpg,17,1021.4,593.4,32.0,20.0
195,frame_000195.jpg,10,1020.0,599.6,36.0,8.0
196,frame_000196.jpg,10,1020.0,599.6,36.0,8.0
197,frame_000197.jpg,10,1020.0,599.6,36.0,8.0
198,frame_000198.jpg,10,1020.0,599.6,36.0,8.0
199,frame_000199.jpg,11,1022.9,598.9,32.0,8.0
200,frame_000200.jpg,12,1023.3,598.7,32.0,8.0
201,frame_000201.jpg,14,1023.7,598.3,32.0,8.0
202,frame_000202.jpg,16,1022.0,598.0,32.0,8.0
203,frame_000203.jpg,15,1021.1,597.9,32.0,8.0
204,frame_000204.jpg,15,1021.1,597.9,32.0,8.0
205,frame_000205.jpg,15,1019.7,593.3,32.0,20.0
206,frame_000206.jpg,13,1021.2,592.3,32.0,16.0
207,frame_000207.jpg,13,1021.2,592.3,32.0,16.0
208,frame_000208.jpg,10,1020.0,595.6,36.0,8.0
209,frame_000209.jpg,10,1020.0,595.6,36.0,8.0
210,frame_000210.jpg,9,1021.8,595.6,32.0,8.0
211,frame_000211.jpg,10,1022.0,595.2,32.0,8.0
212,frame_000212.jpg,12,1023.3,594.7,32.0,8.0
213,frame_000213.jpg,13,1022.8,594.5,32.0,8.0
214,frame_000214.jpg,16,1022.0,594.0,32.0,8.0
215,frame_000215.jpg,16,1022.0,594.0,32.0,8.0
216,frame_000216.jpg,15,1021.1,593.9,32.0,8.0
217,frame_000217.jpg,14,1020.3,593.7,32.0,8.0
218,frame_000218.jpg,8,1022.0,592.0,32.0,4.0
219,frame_000219.jpg,9,1021.8,591.6,32.0,8.0
220,frame_000220.jpg,9,1021.8,591.6,32.0,8.0
221,frame_000221.jpg,9,1021.8,591.6,32.0,8.0
222,frame_000222.jpg,9,1021.8,591.6,32.0,8.0
223,frame_000223.jpg,10,1022.0,591.2,32.0,8.0
224,frame_000224.jpg,12,1023.3,590.7,32.0,8.0
225,frame_000225.jpg,13,1024.3,590.5,32.0,8.0
226,frame_000226.jpg,15,1022.9,590.1,32.0,8.0
227,frame_000227.jpg,16,1022.0,590.0,32.0,8.0
228,frame_000228.jpg,16,1022.0,590.0,32.0,8.0
229,frame_000229.jpg,8,1022.0,588.0,32.0,4.0
230,frame_000230.jpg,8,1022.0,588.0,32.0,4.0
231,frame_000231.jpg,8,1022.0,588.0,32.0,4.0
232,frame_000232.jpg,9,1021.8,587.6,32.0,8.0
233,frame_000233.jpg,9,1021.8,587.6,32.0,8.0
234,frame_000234.jpg,10,1022.0,587.2,32.0,8.0
235,frame_000235.jpg,10,1022.0,587.2,32.0,8.0
236,frame_000236.jpg,13,1024.3,586.5,32.0,8.0
237,frame_000237.jpg,13,1024.3,586.5,32.0,8.0
238,frame_000238.jpg,14,1020.3,585.7,32.0,8.0
239,frame_000239.jpg,8,1022.0,584.0,32.0,4.0
240,frame_000240.jpg,8,1022.0,584.0,32.0,4.0
241,frame_000241.jpg,8,1022.0,584.0,32.0,4.0
242,frame_000242.jpg,8,1022.0,584.0,32.0,4.0
243,frame_000243.jpg,8,1022.0,584.0,32.0,4.0
244,frame_000244.jpg,8,1022.0,584.0,32.0,4.0
245,frame_000245.jpg,7,1024.0,584.0,28.0,4.0
246,frame_000246.jpg,0,,,,
247,frame_000247.jpg,0,,,,
248,frame_000248.jpg,0,,,,
249,frame_000249.jpg,0,,,,
250,frame_000250.jpg,0,,,,
251,frame_000251.jpg,0,,,,
252,frame_000252.jpg,0,,,,
253,frame_000253.jpg,0,,,,
254,frame_000254.jpg,0,,,,
255,frame_000255.jpg,0,,,,
256,frame_000256.jpg,0,,,,
257,frame_000257.jpg,0,,,,
258,frame_000258.jpg,0,,,,
259,frame_000259.jpg,0,,,,
260,frame_000260.jpg,0,,,,
261,frame_000261.jpg,0,,,,
262,frame_000262.jpg,0,,,,
263,frame_000263.jpg,0,,,,
264,frame_000264.jpg,0,,,,
265,frame_000265.jpg,0,,,,
266,frame_000266.jpg,0,,,,
267,frame_000267.jpg,0,,,,
268,frame_000268.jpg,0,,,,
269,frame_000269.jpg,0,,,,
270,frame_000270.jpg,0,,,,
271,frame_000271.jpg,0,,,,
272,frame_000272.jpg,0,,,,
273,frame_000273.jpg,0,,,,
274,frame_000274.jpg,0,,,,
275,frame_000275.jpg,0,,,,
276,frame_000276.jpg,0,,,,
277,frame_000277.jpg,0,,,,
278,frame_000278.jpg,0,,,,
279,frame_000279.jpg,0,,,,
280,frame_000280.jpg,0,,,,
281,frame_000281.jpg,0,,,,
282,frame_000282.jpg,0,,,,
283,frame_000283.jpg,0,,,,
284,frame_000284.jpg,0,,,,
285,frame_000285.jpg,0,,,,
286,frame_000286.jpg,0,,,,
287,frame_000287.jpg,0,,,,
288,frame_000288.jpg,0,,,,
289,frame_000289.jpg,0,,,,
290,frame_000290.jpg,0,,,,
291,frame_000291.jpg,0,,,,
292,frame_000292.jpg,0,,,,
293,frame_000293.jpg,0,,,,
294,frame_000294.jpg,0,,,,
295,frame_000295.jpg,0,,,,
296,frame_000296.jpg,0,,,,
297,frame_000297.jpg,0,,,,
298,frame_000298.jpg,0,,,,
299,frame_000299.jpg,0,,,,
300,frame_000300.jpg,0,,,,
301,frame_000301.jpg,0,,,,
302,frame_000302.jpg,0,,,,
303,frame_000303.jpg,0,,,,
304,frame_000304.jpg,0,,,,
305,frame_000305.jpg,0,,,,
306,frame_000306.jpg,0,,,,
307,frame_000307.jpg,0,,,,
308,frame_000308.jpg,0,,,,
309,frame_000309.jpg,0,,,,
310,frame_000310.jpg,0,,,,
311,frame_000311.jpg,0,,,,
312,frame_000312.jpg,0,,,,
313,frame_000313.jpg,0,,,,
314,frame_000314.jpg,0,,,,
315,frame_000315.jpg,0,,,,
316,frame_000316.jpg,0,,,,
317,frame_000317.jpg,0,,,,
318,frame_000318.jpg,0,,,,
319,frame_000319.jpg,0,,,,
320,frame_000320.jpg,0,,,,
321,frame_000321.jpg,0,,,,
322,frame_000322.jpg,0,,,,
323,frame_000323.jpg,0,,,,
324,frame_000324.jpg,0,,,,
325,frame_000325.jpg,0,,,,
326,frame_000326.jpg,7,1022.3,509.7,20.0,12.0
327,frame_000327.jpg,0,,,,
328,frame_000328.jpg,0,,,,
329,frame_000329.jpg,0,,,,
330,frame_000330.jpg,0,,,,
331,frame_000331.jpg,0,,,,
332,frame_000332.jpg,0,,,,
333,frame_000333.jpg,7,1022.3,505.1,20.0,12.0
334,frame_000334.jpg,0,,,,
335,frame_000335.jpg,0,,,,
336,frame_000336.jpg,0,,,,
337,frame_000337.jpg,9,1022.7,500.9,24.0,12.0
338,frame_000338.jpg,0,,,,
339,frame_000339.jpg,0,,,,
340,frame_000340.jpg,0,,,,
341,frame_000341.jpg,0,,,,
342,frame_000342.jpg,7,1030.9,496.0,16.0,12.0
343,frame_000343.jpg,7,1031.4,494.9,12.0,12.0
344,frame_000344.jpg,8,1033.0,493.5,16.0,12.0
345,frame_000345.jpg,10,1032.4,493.2,20.0,12.0
346,frame_000346.jpg,10,1032.4,493.2,20.0,12.0
347,frame_000347.jpg,14,1028.9,493.1,28.0,12.0
348,frame_000348.jpg,12,1033.3,491.7,16.0,16.0
349,frame_000349.jpg,10,1033.2,489.6,16.0,16.0
350,frame_000350.jpg,14,1029.7,489.4,28.0,12.0
351,frame_000351.jpg,15,1030.1,489.9,28.0,16.0
352,frame_000352.jpg,15,1030.1,489.9,28.0,16.0
353,frame_000353.jpg,14,1033.7,487.7,16.0,20.0
354,frame_000354.jpg,17,1032.5,486.8,32.0,16.0
355,frame_000355.jpg,18,1031.1,486.9,32.0,20.0
356,frame_000356.jpg,14,1034.6,486.9,20.0,20.0
357,frame_000357.jpg,18,1033.6,485.3,24.0,24.0
358,frame_000358.jpg,20,1034.4,485.0,24.0,24.0
359,frame_000359.jpg,17,1035.5,484.0,20.0,20.0
360,frame_000360.jpg,16,1035.0,483.8,20.0,20.0
361,frame_000361.jpg,17,1035.3,483.3,20.0,20.0
362,frame_000362.jpg,18,1035.8,483.1,20.0,20.0
363,frame_000363.jpg,18,1035.8,483.1,20.0,20.0
364,frame_000364.jpg,20,1039.4,481.0,32.0,16.0
365,frame_000365.jpg,21,1039.2,480.6,32.0,20.0
366,frame_000366.jpg,23,1037.7,479.8,36.0,20.0
367,frame_000367.jpg,22,1038.5,479.5,32.0,20.0
368,frame_000368.jpg,24,1039.3,478.8,32.0,20.0
369,frame_000369.jpg,22,1040.0,477.5,32.0,24.0
370,frame_000370.jpg,22,1039.3,476.9,32.0,24.0
371,frame_000371.jpg,19,1036.8,477.3,24.0,24.0
372,frame_000372.jpg,20,1037.8,476.6,20.0,24.0
373,frame_000373.jpg,19,1037.9,476.0,20.0,20.0
374,frame_000374.jpg,20,1037.8,475.2,20.0,24.0
375,frame_000375.jpg,19,1038.1,474.7,20.0,24.0
376,frame_000376.jpg,20,1037.8,473.2,20.0,24.0
377,frame_000377.jpg,21,1038.1,473.0,20.0,24.0
378,frame_000378.jpg,20,1039.0,472.2,20.0,20.0
379,frame_000379.jpg,19,1038.1,471.2,20.0,24.0
380,frame_000380.jpg,19,1038.5,470.1,20.0,24.0
381,frame_000381.jpg,20,1038.8,469.8,20.0,24.0
382,frame_000382.jpg,20,1038.4,468.8,20.0,24.0
383,frame_000383.jpg,18,1039.8,467.6,20.0,20.0
384,frame_000384.jpg,17,1038.8,466.4,20.0,24.0
385,frame_000385.jpg,18,1038.9,465.8,20.0,24.0
386,frame_000386.jpg,17,1039.3,464.2,20.0,20.0
387,frame_000387.jpg,17,1039.3,463.8,20.0,20.0
388,frame_000388.jpg,17,1038.8,462.4,20.0,24.0
389,frame_000389.jpg,17,1039.1,461.2,20.0,24.0
390,frame_000390.jpg,18,1039.3,460.9,20.0,24.0
391,frame_000391.jpg,17,1039.3,460.2,20.0,20.0
392,frame_000392.jpg,19,1039.6,458.9,20.0,24.0
393,frame_000393.jpg,17,1039.1,457.2,20.0,24.0
394,frame_000394.jpg,18,1039.3,456.9,20.0,24.0
395,frame_000395.jpg,17,1039.3,456.2,20.0,20.0
396,frame_000396.jpg,18,1040.0,455.3,20.0,24.0
397,frame_000397.jpg,17,1039.1,453.2,20.0,24.0
398,frame_000398.jpg,17,1039.1,453.2,20.0,24.0
399,frame_000399.jpg,18,1039.3,452.9,20.0,24.0
400,frame_000400.jpg,17,1040.2,452.0,20.0,20.0
401,frame_000401.jpg,18,1040.2,450.2,20.0,24.0
402,frame_000402.jpg,17,1039.5,448.7,20.0,24.0
403,frame_000403.jpg,17,1039.5,448.7,20.0,24.0
404,frame_000404.jpg,17,1040.2,448.0,20.0,20.0
405,frame_000405.jpg,17,1040.0,447.1,20.0,20.0
406,frame_000406.jpg,15,1039.7,445.9,20.0,20.0
407,frame_000407.jpg,18,1037.1,445.6,32.0,20.0
408,frame_000408.jpg,17,1040.0,443.8,20.0,20.0
409,frame_000409.jpg,23,1040.7,442.6,44.0,20.0
410,frame_000410.jpg,20,1040.8,442.0,44.0,20.0
411,frame_000411.jpg,16,1037.0,442.2,32.0,20.0
412,frame_000412.jpg,16,1038.2,441.5,28.0,16.0
413,frame_000413.jpg,16,1038.8,441.2,24.0,16.0
414,frame_000414.jpg,17,1037.2,439.5,32.0,16.0
415,frame_000415.jpg,16,1038.2,438.5,36.0,12.0
416,frame_000416.jpg,12,1040.7,439.3,20.0,12.0
417,frame_000417.jpg,14,1041.7,438.3,20.0,16.0
418,frame_000418.jpg,10,1041.6,438.0,16.0,16.0
419,frame_000419.jpg,0,,,,
420,frame_000420.jpg,0,,,,
421,frame_000421.jpg,7,1042.9,438.3,16.0,8.0
422,frame_000422.jpg,7,1041.1,437.7,16.0,8.0
423,frame_000423.jpg,6,1042.0,437.3,16.0,8.0
424,frame_000424.jpg,6,1046.0,448.0,24.0,4.0
425,frame_000425.jpg,8,1042.0,448.0,32.0,4.0
426,frame_000426.jpg,6,1042.0,434.7,16.0,8.0
427,frame_000427.jpg,0,,,,
428,frame_000428.jpg,8,1042.0,444.0,32.0,4.0
429,frame_000429.jpg,9,1042.2,443.6,32.0,8.0
430,frame_000430.jpg,7,1037.7,442.9,20.0,8.0
431,frame_000431.jpg,6,1046.0,440.0,24.0,4.0
432,frame_000432.jpg,8,1042.0,440.0,32.0,4.0
433,frame_000433.jpg,7,1040.0,440.0,28.0,4.0
434,frame_000434.jpg,0,,,,
435,frame_000435.jpg,0,,,,
436,frame_000436.jpg,0,,,,
437,frame_000437.jpg,0,,,,
438,frame_000438.jpg,6,1042.0,436.0,24.0,4.0
439,frame_000439.jpg,6,1042.0,436.0,24.0,4.0
440,frame_000440.jpg,0,,,,
441,frame_000441.jpg,0,,,,
442,frame_000442.jpg,0,,,,
443,frame_000443.jpg,0,,,,
444,frame_000444.jpg,0,,,,
445,frame_000445.jpg,0,,,,
446,frame_000446.jpg,0,,,,
447,frame_000447.jpg,0,,,,
448,frame_000448.jpg,0,,,,
449,frame_000449.jpg,0,,,,
450,frame_000450.jpg,0,,,,
451,frame_000451.jpg,0,,,,
452,frame_000452.jpg,0,,,,
453,frame_000453.jpg,0,,,,
454,frame_000454.jpg,0,,,,
455,frame_000455.jpg,0,,,,
456,frame_000456.jpg,0,,,,
457,frame_000457.jpg,0,,,,
458,frame_000458.jpg,0,,,,
459,frame_000459.jpg,0,,,,
460,frame_000460.jpg,0,,,,
461,frame_000461.jpg,7,1041.7,385.1,16.0,12.0
462,frame_000462.jpg,7,1041.7,385.1,16.0,12.0
463,frame_000463.jpg,7,1042.9,384.6,12.0,12.0
464,frame_000464.jpg,10,1042.8,382.4,16.0,16.0
465,frame_000465.jpg,10,1042.4,381.2,20.0,12.0
466,frame_000466.jpg,11,1042.9,381.1,20.0,12.0
467,frame_000467.jpg,12,1042.3,380.7,20.0,12.0
468,frame_000468.jpg,15,1042.9,379.5,24.0,16.0
469,frame_000469.jpg,15,1038.7,377.6,32.0,12.0
470,frame_000470.jpg,16,1037.5,377.5,36.0,12.0
471,frame_000471.jpg,24,1044.0,377.0,48.0,12.0
472,frame_000472.jpg,28,1042.1,376.4,48.0,16.0
473,frame_000473.jpg,28,1043.0,376.3,44.0,24.0
474,frame_000474.jpg,28,1042.1,375.6,48.0,20.0
475,frame_000475.jpg,29,1043.7,375.0,48.0,20.0
476,frame_000476.jpg,30,1043.2,374.4,48.0,20.0
477,frame_000477.jpg,33,1042.1,373.6,48.0,24.0
478,frame_000478.jpg,31,1042.6,372.4,44.0,20.0
479,frame_000479.jpg,31,1042.8,371.9,48.0,20.0
480,frame_000480.jpg,32,1043.0,370.8,48.0,20.0
481,frame_000481.jpg,32,1042.1,369.2,48.0,24.0
482,frame_000482.jpg,35,1040.9,369.3,48.0,24.0
483,frame_000483.jpg,29,1042.8,367.6,48.0,20.0
484,frame_000484.jpg,26,1039.2,367.5,36.0,20.0
485,frame_000485.jpg,34,1041.4,366.0,48.0,24.0
486,frame_000486.jpg,35,1040.9,365.3,48.0,24.0
487,frame_000487.jpg,36,1042.2,364.4,48.0,24.0
488,frame_000488.jpg,34,1043.6,363.2,48.0,24.0
489,frame_000489.jpg,35,1041.0,361.9,48.0,24.0
490,frame_000490.jpg,36,1040.8,361.0,48.0,24.0
491,frame_000491.jpg,35,1041.6,360.5,48.0,24.0
492,frame_000492.jpg,34,1042.9,358.8,48.0,20.0
493,frame_000493.jpg,35,1040.7,357.8,48.0,24.0
494,frame_000494.jpg,35,1040.1,357.0,48.0,24.0
495,frame_000495.jpg,33,1041.2,356.0,48.0,24.0
496,frame_000496.jpg,36,1041.7,354.4,48.0,24.0
497,frame_000497.jpg,35,1040.6,354.1,48.0,24.0
498,frame_000498.jpg,37,1040.5,353.1,48.0,24.0
499,frame_000499.jpg,34,1040.4,352.4,44.0,24.0
500,frame_000500.jpg,34,1040.4,350.7,44.0,24.0
501,frame_000501.jpg,34,1039.1,350.0,44.0,24.0
502,frame_000502.jpg,36,1039.9,349.2,44.0,24.0
503,frame_000503.jpg,33,1041.1,347.8,44.0,24.0
504,frame_000504.jpg,36,1040.8,347.1,44.0,28.0
505,frame_000505.jpg,34,1039.1,346.0,44.0,24.0
506,frame_000506.jpg,36,1040.1,345.2,44.0,24.0
507,frame_000507.jpg,35,1040.1,343.7,44.0,24.0
508,frame_000508.jpg,35,1040.6,342.9,44.0,28.0
509,frame_000509.jpg,35,1038.9,341.8,44.0,24.0
510,frame_000510.jpg,36,1039.4,341.6,44.0,24.0
511,frame_000511.jpg,32,1040.2,339.8,44.0,24.0
512,frame_000512.jpg,34,1040.6,339.2,44.0,24.0
513,frame_000513.jpg,46,1039.1,342.9,44.0,36.0
514,frame_000514.jpg,36,1039.7,337.2,44.0,24.0
515,frame_000515.jpg,32,1039.9,336.2,44.0,24.0
516,frame_000516.jpg,33,1040.1,335.6,44.0,24.0
517,frame_000517.jpg,37,1039.4,333.8,44.0,24.0
518,frame_000518.jpg,35,1039.1,333.5,44.0,24.0
519,frame_000519.jpg,35,1038.9,332.8,48.0,24.0
520,frame_000520.jpg,35,1039.9,331.3,48.0,24.0
521,frame_000521.jpg,37,1039.0,330.4,48.0,28.0
522,frame_000522.jpg,38,1037.2,329.7,48.0,24.0
523,frame_000523.jpg,37,1038.1,328.6,48.0,24.0
524,frame_000524.jpg,34,1039.3,327.9,48.0,24.0
525,frame_000525.jpg,37,1038.2,326.3,48.0,24.0
526,frame_000526.jpg,39,1037.9,325.6,48.0,24.0
527,frame_000527.jpg,38,1036.7,324.9,48.0,24.0
528,frame_000528.jpg,36,1037.3,324.3,48.0,24.0
529,frame_000529.jpg,36,1036.8,323.1,44.0,28.0
530,frame_000530.jpg,35,1037.4,322.1,44.0,24.0
531,frame_000531.jpg,35,1036.3,321.4,44.0,24.0
532,frame_000532.jpg,39,1035.9,320.3,44.0,24.0
533,frame_000533.jpg,35,1036.8,319.4,44.0,24.0
534,frame_000534.jpg,44,1036.4,322.8,44.0,36.0
535,frame_000535.jpg,36,1035.4,317.6,44.0,24.0
536,frame_000536.jpg,38,1036.1,316.9,44.0,24.0
537,frame_000537.jpg,49,1037.1,323.1,44.0,36.0
538,frame_000538.jpg,48,1035.7,319.9,44.0,40.0
539,frame_000539.jpg,46,1035.3,318.6,44.0,36.0
540,frame_000540.jpg,47,1035.0,318.1,48.0,36.0
541,frame_000541.jpg,50,1035.4,318.2,48.0,36.0
542,frame_000542.jpg,50,1035.3,317.5,48.0,40.0
543,frame_000543.jpg,47,1034.4,314.7,48.0,36.0
544,frame_000544.jpg,38,1034.2,308.9,48.0,24.0
545,frame_000545.jpg,36,1034.6,308.6,48.0,24.0
546,frame_000546.jpg,35,1033.7,307.1,48.0,28.0
547,frame_000547.jpg,35,1034.2,306.2,48.0,24.0
548,frame_000548.jpg,35,1032.3,305.4,44.0,24.0
549,frame_000549.jpg,37,1031.1,304.3,44.0,24.0
550,frame_000550.jpg,51,1032.9,310.8,44.0,36.0
551,frame_000551.jpg,45,1032.8,306.5,44.0,36.0
552,frame_000552.jpg,46,1031.9,306.2,44.0,36.0
553,frame_000553.jpg,48,1032.8,306.1,44.0,36.0
554,frame_000554.jpg,48,1032.8,306.8,44.0,36.0
555,frame_000555.jpg,47,1032.0,303.3,44.0,40.0
556,frame_000556.jpg,46,1031.3,302.6,44.0,36.0
557,frame_000557.jpg,39,1030.2,296.2,48.0,24.0
558,frame_000558.jpg,35,1031.9,295.3,48.0,24.0
559,frame_000559.jpg,51,1030.0,300.2,48.0,40.0
560,frame_000560.jpg,31,1026.2,294.5,36.0,24.0
561,frame_000561.jpg,32,1025.9,293.2,36.0,24.0
562,frame_000562.jpg,33,1025.3,292.7,36.0,24.0
563,frame_000563.jpg,46,1026.7,298.6,40.0,40.0
564,frame_000564.jpg,40,1026.5,295.5,40.0,36.0
565,frame_000565.jpg,36,1027.4,289.6,44.0,24.0
566,frame_000566.jpg,48,1028.6,293.8,44.0,36.0
567,frame_000567.jpg,48,1028.8,294.8,44.0,36.0
568,frame_000568.jpg,49,1028.4,291.2,44.0,40.0
569,frame_000569.jpg,47,1026.9,290.3,44.0,36.0
570,frame_000570.jpg,38,1026.3,284.4,48.0,24.0
571,frame_000571.jpg,35,1027.9,283.3,48.0,24.0
572,frame_000572.jpg,49,1025.9,289.2,48.0,36.0
573,frame_000573.jpg,29,1021.9,283.2,36.0,20.0
574,frame_000574.jpg,27,1021.6,282.5,36.0,20.0
575,frame_000575.jpg,29,1021.7,282.2,36.0,20.0
576,frame_000576.jpg,42,1023.3,288.9,40.0,32.0
577,frame_000577.jpg,34,1022.9,285.8,40.0,28.0
578,frame_000578.jpg,32,1023.0,286.4,40.0,28.0
579,frame_000579.jpg,37,1024.0,284.6,44.0,32.0
580,frame_000580.jpg,36,1024.4,286.4,44.0,32.0
581,frame_000581.jpg,34,1024.5,286.2,44.0,32.0
582,frame_000582.jpg,28,1024.1,283.9,44.0,28.0
583,frame_000583.jpg,14,1020.6,278.9,32.0,12.0
584,frame_000584.jpg,9,1022.7,279.6,16.0,12.0
585,frame_000585.jpg,15,1022.9,294.1,32.0,8.0
586,frame_000586.jpg,15,1022.9,293.9,32.0,8.0
587,frame_000587.jpg,13,1020.6,292.9,32.0,12.0
588,frame_000588.jpg,17,1021.4,285.4,32.0,20.0
589,frame_000589.jpg,17,1021.4,285.4,32.0,20.0
590,frame_000590.jpg,17,1021.4,285.4,32.0,20.0
591,frame_000591.jpg,21,1020.4,287.4,32.0,24.0
592,frame_000592.jpg,23,1020.3,288.3,28.0,24.0
593,frame_000593.jpg,23,1020.3,288.3,28.0,24.0
594,frame_000594.jpg,17,1020.5,287.1,28.0,24.0
595,frame_000595.jpg,19,1020.4,286.7,28.0,24.0
596,frame_000596.jpg,25,1017.6,286.1,36.0,28.0
597,frame_000597.jpg,35,1020.8,286.6,44.0,32.0
598,frame_000598.jpg,31,1016.6,285.8,36.0,28.0
599,frame_000599.jpg,35,1020.1,285.3,44.0,32.0
600,frame_000600.jpg,40,1019.2,287.4,44.0,32.0
601,frame_000601.jpg,44,1019.8,287.9,48.0,32.0
602,frame_000602.jpg,39,1015.4,288.0,40.0,32.0
603,frame_000603.jpg,44,1018.9,286.9,48.0,32.0
604,frame_000604.jpg,50,1019.4,290.3,48.0,36.0
605,frame_000605.jpg,51,1019.6,289.3,48.0,36.0
606,frame_000606.jpg,32,1014.4,285.6,36.0,24.0
607,frame_000607.jpg,46,1019.0,290.3,48.0,36.0
608,frame_000608.jpg,53,1019.2,293.4,48.0,40.0
609,frame_000609.jpg,39,1018.2,288.2,48.0,24.0
610,frame_000610.jpg,38,1017.9,288.9,48.0,24.0
611,frame_000611.jpg,45,1018.6,294.6,48.0,36.0
612,frame_000612.jpg,51,1019.4,298.0,48.0,40.0
613,frame_000613.jpg,38,1018.6,292.1,48.0,24.0
614,frame_000614.jpg,37,1018.4,293.2,48.0,24.0
615,frame_000615.jpg,45,1018.6,298.6,48.0,36.0
616,frame_000616.jpg,51,1018.9,301.4,48.0,40.0
617,frame_000617.jpg,39,1018.9,296.0,48.0,24.0
618,frame_000618.jpg,38,1018.7,297.3,48.0,24.0
619,frame_000619.jpg,46,1018.0,302.3,48.0,36.0
620,frame_000620.jpg,50,1018.7,305.0,48.0,40.0
621,frame_000621.jpg,37,1019.1,299.6,48.0,24.0
622,frame_000622.jpg,36,1018.2,300.9,48.0,24.0
623,frame_000623.jpg,37,1017.7,301.8,48.0,24.0
624,frame_000624.jpg,50,1018.7,309.0,48.0,40.0
625,frame_000625.jpg,38,1019.3,303.9,48.0,24.0
626,frame_000626.jpg,37,1017.7,304.6,48.0,24.0
627,frame_000627.jpg,40,1018.0,305.8,48.0,24.0
628,frame_000628.jpg,52,1018.6,313.2,48.0,40.0
629,frame_000629.jpg,35,1019.9,307.3,48.0,24.0
630,frame_000630.jpg,36,1017.2,308.9,48.0,24.0
631,frame_000631.jpg,38,1018.1,309.8,48.0,24.0
632,frame_000632.jpg,51,1018.4,316.9,48.0,40.0
633,frame_000633.jpg,36,1019.6,311.4,48.0,24.0
634,frame_000634.jpg,37,1017.4,313.2,48.0,24.0
635,frame_000635.jpg,37,1018.3,313.5,48.0,24.0
636,frame_000636.jpg,51,1018.4,320.9,48.0,40.0
637,frame_000637.jpg,34,1019.4,315.5,48.0,24.0
638,frame_000638.jpg,37,1017.8,316.6,48.0,24.0
639,frame_000639.jpg,47,1018.8,322.4,48.0,36.0
640,frame_000640.jpg,50,1018.3,324.3,48.0,40.0
641,frame_000641.jpg,35,1019.1,319.7,48.0,24.0
642,frame_000642.jpg,37,1018.2,320.8,48.0,24.0
643,frame_000643.jpg,46,1019.3,326.6,44.0,36.0
644,frame_000644.jpg,50,1019.3,328.0,44.0,40.0
645,frame_000645.jpg,48,1020.5,331.0,44.0,36.0
646,frame_000646.jpg,36,1018.8,324.9,44.0,24.0
647,frame_000647.jpg,47,1019.5,330.6,44.0,36.0
648,frame_000648.jpg,53,1019.5,332.8,44.0,40.0
649,frame_000649.jpg,34,1019.9,327.4,44.0,24.0
650,frame_000650.jpg,37,1019.1,329.0,44.0,24.0
651,frame_000651.jpg,46,1019.1,334.9,44.0,36.0
652,frame_000652.jpg,51,1020.4,337.3,44.0,40.0
653,frame_000653.jpg,35,1020.1,331.7,44.0,24.0
654,frame_000654.jpg,36,1019.4,333.6,44.0,24.0
655,frame_000655.jpg,44,1019.6,338.7,44.0,36.0
656,frame_000656.jpg,35,1020.8,335.4,44.0,24.0
657,frame_000657.jpg,37,1020.0,336.1,44.0,24.0
658,frame_000658.jpg,36,1020.1,337.2,44.0,24.0
659,frame_000659.jpg,46,1020.3,342.8,44.0,36.0
660,frame_000660.jpg,34,1020.5,339.5,44.0,24.0
661,frame_000661.jpg,35,1020.1,340.5,44.0,24.0
662,frame_000662.jpg,35,1020.3,341.4,44.0,24.0
663,frame_000663.jpg,34,1020.4,342.7,44.0,24.0
664,frame_000664.jpg,34,1020.1,344.0,44.0,24.0
665,frame_000665.jpg,37,1020.9,344.6,48.0,24.0
666,frame_000666.jpg,37,1021.0,345.8,48.0,24.0
667,frame_000667.jpg,36,1022.7,346.4,48.0,24.0
668,frame_000668.jpg,34,1022.0,348.4,48.0,24.0
669,frame_000669.jpg,39,1021.0,349.4,48.0,24.0
670,frame_000670.jpg,37,1021.0,349.8,48.0,24.0
671,frame_000671.jpg,35,1023.1,351.0,48.0,24.0
672,frame_000672.jpg,35,1022.1,352.8,48.0,24.0
673,frame_000673.jpg,36,1021.9,353.4,48.0,24.0
674,frame_000674.jpg,37,1022.6,354.6,48.0,28.0
675,frame_000675.jpg,34,1023.4,355.5,48.0,24.0
676,frame_000676.jpg,33,1023.8,356.7,44.0,24.0
677,frame_000677.jpg,35,1023.1,357.5,44.0,24.0
678,frame_000678.jpg,42,1023.9,363.2,44.0,36.0
679,frame_000679.jpg,38,1024.5,364.2,44.0,32.0
680,frame_000680.jpg,35,1023.3,362.3,44.0,32.0
681,frame_000681.jpg,35,1022.6,362.1,44.0,28.0
682,frame_000682.jpg,32,1024.9,363.1,44.0,24.0
683,frame_000683.jpg,30,1024.7,364.1,44.0,24.0
684,frame_000684.jpg,32,1022.8,365.5,44.0,24.0
685,frame_000685.jpg,32,1023.1,365.9,44.0,24.0
686,frame_000686.jpg,31,1023.7,366.8,44.0,20.0
687,frame_000687.jpg,32,1023.5,368.2,44.0,24.0
688,frame_000688.jpg,33,1023.6,369.9,44.0,24.0
689,frame_000689.jpg,33,1024.1,370.4,44.0,24.0
690,frame_000690.jpg,29,1025.0,371.3,44.0,20.0
691,frame_000691.jpg,30,1023.5,372.4,44.0,20.0
692,frame_000692.jpg,31,1023.9,373.9,44.0,24.0
693,frame_000693.jpg,30,1024.9,374.7,44.0,20.0
694,frame_000694.jpg,27,1025.0,374.8,44.0,20.0
695,frame_000695.jpg,26,1023.1,376.6,44.0,20.0
696,frame_000696.jpg,27,1024.1,377.3,44.0,24.0
697,frame_000697.jpg,24,1024.8,376.8,48.0,12.0
698,frame_000698.jpg,18,1020.4,377.3,36.0,12.0
699,frame_000699.jpg,14,1020.0,378.3,36.0,12.0
700,frame_000700.jpg,14,1025.4,379.7,24.0,16.0
701,frame_000701.jpg,12,1026.3,380.7,20.0,12.0
702,frame_000702.jpg,10,1024.8,380.4,16.0,12.0
703,frame_000703.jpg,9,1025.3,380.9,16.0,12.0
704,frame_000704.jpg,10,1025.2,383.2,16.0,16.0
705,frame_000705.jpg,7,1025.7,385.1,16.0,12.0
706,frame_000706.jpg,7,1025.7,385.1,16.0,12.0
707,frame_000707.jpg,0,,,,
708,frame_000708.jpg,6,1026.7,389.3,12.0,12.0
709,frame_000709.jpg,0,,,,
710,frame_000710.jpg,0,,,,
711,frame_000711.jpg,0,,,,
712,frame_000712.jpg,0,,,,
713,frame_000713.jpg,0,,,,
714,frame_000714.jpg,0,,,,
715,frame_000715.jpg,0,,,,
716,frame_000716.jpg,0,,,,
717,frame_000717.jpg,0,,,,
718,frame_000718.jpg,0,,,,
719,frame_000719.jpg,0,,,,
720,frame_000720.jpg,0,,,,
721,frame_000721.jpg,0,,,,
722,frame_000722.jpg,0,,,,
723,frame_000723.jpg,0,,,,
724,frame_000724.jpg,0,,,,
725,frame_000725.jpg,0,,,,
726,frame_000726.jpg,7,1028.0,436.0,28.0,4.0
727,frame_000727.jpg,0,,,,
728,frame_000728.jpg,0,,,,
729,frame_000729.jpg,0,,,,
730,frame_000730.jpg,0,,,,
731,frame_000731.jpg,8,1026.0,440.0,32.0,4.0
732,frame_000732.jpg,7,1028.0,440.0,28.0,4.0
733,frame_000733.jpg,0,,,,
734,frame_000734.jpg,7,1026.3,443.4,24.0,8.0
735,frame_000735.jpg,8,1028.0,443.5,28.0,8.0
736,frame_000736.jpg,7,1028.6,438.9,12.0,16.0
737,frame_000737.jpg,8,1028.0,436.0,12.0,16.0
738,frame_000738.jpg,11,1026.2,440.7,20.0,20.0
739,frame_000739.jpg,6,1028.7,435.3,12.0,12.0
740,frame_000740.jpg,0,,,,
741,frame_000741.jpg,6,1028.0,438.0,12.0,8.0
742,frame_000742.jpg,6,1030.0,438.7,16.0,8.0
743,frame_000743.jpg,6,1030.0,438.7,16.0,8.0
744,frame_000744.jpg,6,1029.3,440.0,16.0,12.0
745,frame_000745.jpg,13,1027.7,437.5,20.0,16.0
746,frame_000746.jpg,12,1030.3,439.3,20.0,12.0
747,frame_000747.jpg,17,1025.2,438.1,36.0,16.0
748,frame_000748.jpg,20,1027.8,438.2,44.0,16.0
749,frame_000749.jpg,15,1027.7,439.7,24.0,12.0
750,frame_000750.jpg,15,1025.6,440.3,32.0,16.0
751,frame_000751.jpg,17,1025.2,440.5,36.0,16.0
752,frame_000752.jpg,16,1025.2,441.2,36.0,16.0
753,frame_000753.jpg,17,1028.5,440.9,44.0,16.0
754,frame_000754.jpg,12,1029.0,442.3,20.0,16.0
755,frame_000755.jpg,15,1025.9,443.2,36.0,20.0
756,frame_000756.jpg,11,1029.5,444.0,24.0,16.0
757,frame_000757.jpg,12,1029.3,444.7,24.0,16.0
758,frame_000758.jpg,11,1029.8,445.1,16.0,16.0
759,frame_000759.jpg,13,1028.9,446.8,24.0,20.0
760,frame_000760.jpg,14,1028.9,447.4,24.0,20.0
761,frame_000761.jpg,12,1029.7,448.3,16.0,20.0
762,frame_000762.jpg,13,1030.2,450.8,20.0,20.0
763,frame_000763.jpg,14,1028.9,451.4,24.0,20.0
764,frame_000764.jpg,13,1029.2,452.0,24.0,20.0
765,frame_000765.jpg,10,1029.6,453.6,16.0,16.0
766,frame_000766.jpg,13,1029.8,455.1,20.0,20.0
767,frame_000767.jpg,12,1029.3,455.3,24.0,20.0
768,frame_000768.jpg,13,1033.2,456.9,32.0,16.0
769,frame_000769.jpg,10,1029.6,457.6,16.0,16.0
770,frame_000770.jpg,13,1029.8,459.1,20.0,20.0
771,frame_000771.jpg,10,1029.2,458.0,24.0,12.0
772,frame_000772.jpg,13,1033.2,460.9,32.0,16.0
773,frame_000773.jpg,10,1029.6,461.6,16.0,16.0
774,frame_000774.jpg,9,1029.8,461.8,20.0,12.0
775,frame_000775.jpg,11,1029.1,464.7,24.0,20.0
776,frame_000776.jpg,9,1028.0,465.8,20.0,16.0
777,frame_000777.jpg,13,1028.0,468.9,20.0,24.0
778,frame_000778.jpg,9,1029.3,466.7,24.0,8.0
779,frame_000779.jpg,7,1029.1,467.4,24.0,8.0
780,frame_000780.jpg,10,1028.8,472.4,20.0,16.0
781,frame_000781.jpg,12,1028.7,474.7,16.0,20.0
782,frame_000782.jpg,13,1028.0,474.8,20.0,20.0
783,frame_000783.jpg,14,1028.9,476.0,20.0,20.0
784,frame_000784.jpg,14,1028.9,476.6,20.0,16.0
785,frame_000785.jpg,12,1029.3,478.0,16.0,20.0
786,frame_000786.jpg,14,1029.4,478.9,24.0,20.0
787,frame_000787.jpg,18,1032.0,479.3,32.0,20.0
788,frame_000788.jpg,14,1028.9,480.9,20.0,16.0
789,frame_000789.jpg,17,1031.5,480.2,32.0,16.0
790,frame_000790.jpg,20,1032.0,481.6,32.0,20.0
791,frame_000791.jpg,17,1028.2,483.1,20.0,20.0
792,frame_000792.jpg,16,1028.0,483.5,20.0,20.0
793,frame_000793.jpg,15,1028.0,484.8,20.0,20.0
794,frame_000794.jpg,16,1028.0,485.8,20.0,24.0
795,frame_000795.jpg,17,1028.0,486.8,20.0,24.0
796,frame_000796.jpg,18,1025.6,487.8,28.0,20.0
797,frame_000797.jpg,16,1027.0,487.8,20.0,20.0
798,frame_000798.jpg,18,1024.7,488.9,32.0,24.0
799,frame_000799.jpg,21,1023.0,490.1,36.0,24.0
800,frame_000800.jpg,19,1021.7,491.2,32.0,20.0
801,frame_000801.jpg,19,1021.7,491.2,32.0,20.0
802,frame_000802.jpg,16,1025.5,492.8,20.0,24.0
803,frame_000803.jpg,16,1025.0,494.8,20.0,20.0
804,frame_000804.jpg,22,1020.2,494.2,32.0,20.0
805,frame_000805.jpg,15,1024.5,495.2,20.0,20.0
806,frame_000806.jpg,16,1024.8,496.0,20.0,24.0
807,frame_000807.jpg,15,1025.1,498.1,16.0,24.0
808,frame_000808.jpg,15,1023.7,499.7,16.0,20.0
809,frame_000809.jpg,14,1024.0,500.3,16.0,20.0
810,frame_000810.jpg,12,1024.0,500.3,16.0,20.0
811,frame_000811.jpg,12,1024.3,502.3,12.0,20.0
812,frame_000812.jpg,14,1023.4,503.1,16.0,20.0
813,frame_000813.jpg,11,1023.6,503.6,16.0,20.0
814,frame_000814.jpg,12,1023.3,504.0,16.0,20.0
815,frame_000815.jpg,10,1024.0,504.8,12.0,16.0
816,frame_000816.jpg,10,1022.8,505.6,16.0,16.0
817,frame_000817.jpg,10,1023.2,507.2,16.0,20.0
818,frame_000818.jpg,11,1023.3,508.7,16.0,16.0
819,frame_000819.jpg,10,1022.8,509.2,16.0,16.0
820,frame_000820.jpg,14,1018.3,510.0,28.0,16.0
821,frame_000821.jpg,11,1022.5,510.2,16.0,16.0
822,frame_000822.jpg,8,1022.0,512.0,16.0,12.0
823,frame_000823.jpg,9,1019.6,512.9,16.0,12.0
824,frame_000824.jpg,7,1021.1,512.6,12.0,12.0
825,frame_000825.jpg,7,1021.1,512.6,12.0,12.0
826,frame_000826.jpg,7,1021.1,516.0,12.0,12.0
827,frame_000827.jpg,8,1020.5,516.5,12.0,12.0
828,frame_000828.jpg,6,1020.7,517.3,12.0,12.0
829,frame_000829.jpg,7,1021.1,520.6,12.0,16.0
830,frame_000830.jpg,6,1020.7,519.3,12.0,12.0
831,frame_000831.jpg,0,,,,
832,frame_000832.jpg,7,1020.6,523.4,12.0,16.0
833,frame_000833.jpg,6,1021.3,525.3,16.0,12.0
834,frame_000834.jpg,6,1021.3,525.3,16.0,12.0
835,frame_000835.jpg,6,1021.3,526.0,16.0,12.0
836,frame_000836.jpg,6,1021.3,526.0,16.0,12.0
837,frame_000837.jpg,0,,,,
838,frame_000838.jpg,0,,,,
839,frame_000839.jpg,6,1020.0,530.0,12.0,8.0
840,frame_000840.jpg,0,,,,
841,frame_000841.jpg,0,,,,
842,frame_000842.jpg,0,,,,
843,frame_000843.jpg,6,1019.3,533.3,12.0,12.0
844,frame_000844.jpg,0,,,,
845,frame_000845.jpg,0,,,,
846,frame_000846.jpg,0,,,,
847,frame_000847.jpg,0,,,,
848,frame_000848.jpg,0,,,,
849,frame_000849.jpg,0,,,,
850,frame_000850.jpg,0,,,,
851,frame_000851.jpg,0,,,,
852,frame_000852.jpg,0,,,,
853,frame_000853.jpg,0,,,,
854,frame_000854.jpg,0,,,,
855,frame_000855.jpg,0,,,,
856,frame_000856.jpg,0,,,,
857,frame_000857.jpg,0,,,,
858,frame_000858.jpg,0,,,,
859,frame_000859.jpg,0,,,,
860,frame_000860.jpg,0,,,,
861,frame_000861.jpg,0,,,,
862,frame_000862.jpg,0,,,,
863,frame_000863.jpg,0,,,,
864,frame_000864.jpg,0,,,,
865,frame_000865.jpg,0,,,,
866,frame_000866.jpg,0,,,,
867,frame_000867.jpg,0,,,,
868,frame_000868.jpg,6,1022.0,584.0,24.0,4.0
869,frame_000869.jpg,8,1018.0,584.0,32.0,4.0
870,frame_000870.jpg,9,1020.0,584.0,36.0,4.0
871,frame_000871.jpg,9,1020.0,584.0,36.0,4.0
872,frame_000872.jpg,10,1018.0,584.8,32.0,8.0
873,frame_000873.jpg,13,1020.6,586.2,28.0,8.0
874,frame_000874.jpg,10,1018.0,587.2,32.0,8.0
875,frame_000875.jpg,10,1018.0,587.2,32.0,8.0
876,frame_000876.jpg,9,1018.2,587.6,32.0,8.0
877,frame_000877.jpg,9,1018.2,587.6,32.0,8.0
878,frame_000878.jpg,8,1018.0,588.0,32.0,4.0
879,frame_000879.jpg,8,1018.0,588.0,32.0,4.0
880,frame_000880.jpg,15,1018.9,589.9,32.0,8.0
881,frame_000881.jpg,15,1018.9,590.1,32.0,8.0
882,frame_000882.jpg,13,1020.3,590.5,32.0,8.0
883,frame_000883.jpg,12,1020.0,590.7,32.0,8.0
884,frame_000884.jpg,10,1018.0,591.2,32.0,8.0
885,frame_000885.jpg,9,1018.2,591.6,32.0,8.0
886,frame_000886.jpg,9,1018.2,591.6,32.0,8.0
887,frame_000887.jpg,8,1018.0,592.0,32.0,4.0
888,frame_000888.jpg,8,1018.0,592.0,32.0,4.0
889,frame_000889.jpg,8,1018.0,592.0,32.0,4.0
890,frame_000890.jpg,15,1017.1,593.9,32.0,8.0
891,frame_000891.jpg,16,1018.0,594.0,32.0,8.0
892,frame_000892.jpg,15,1018.9,594.1,32.0,8.0
893,frame_000893.jpg,13,1020.3,594.5,32.0,8.0
894,frame_000894.jpg,12,1019.3,594.7,32.0,8.0
895,frame_000895.jpg,11,1018.9,594.9,32.0,8.0
896,frame_000896.jpg,10,1018.0,595.2,32.0,8.0
897,frame_000897.jpg,10,1018.0,595.2,32.0,8.0
898,frame_000898.jpg,10,1018.0,595.2,32.0,8.0
899,frame_000899.jpg,9,1017.8,595.6,32.0,8.0
900,frame_000900.jpg,9,1017.8,595.6,32.0,8.0
901,frame_000901.jpg,9,1017.8,595.6,32.0,8.0
902,frame_000902.jpg,12,1017.7,593.0,32.0,16.0
903,frame_000903.jpg,8,1018.0,596.0,32.0,4.0
904,frame_000904.jpg,16,1015.5,593.8,32.0,20.0
905,frame_000905.jpg,19,1016.2,594.7,32.0,20.0
906,frame_000906.jpg,20,1016.8,595.0,32.0,20.0
907,frame_000907.jpg,22,1017.6,594.9,32.0,20.0
908,frame_000908.jpg,22,1017.6,594.9,32.0,20.0
909,frame_000909.jpg,22,1017.6,594.9,32.0,20.0
910,frame_000910.jpg,19,1019.2,594.7,32.0,20.0
911,frame_000911.jpg,19,1019.2,594.7,32.0,20.0
912,frame_000912.jpg,18,1018.9,594.7,32.0,20.0
913,frame_000913.jpg,17,1018.1,594.6,32.0,20.0
914,frame_000914.jpg,16,1017.5,594.5,32.0,20.0
915,frame_000915.jpg,16,1017.5,594.5,32.0,20.0
916,frame_000916.jpg,17,1017.2,594.1,32.0,20.0
917,frame_000917.jpg,17,1017.2,594.1,32.0,20.0
918,frame_000918.jpg,17,1017.2,594.1,32.0,20.0
919,frame_000919.jpg,17,1017.2,594.1,32.0,20.0
920,frame_000920.jpg,17,1017.2,594.1,32.0,20.0
921,frame_000921.jpg,18,1016.2,594.4,36.0,20.0
922,frame_000922.jpg,18,1016.2,594.4,36.0,20.0
923,frame_000923.jpg,18,1016.2,594.4,36.0,20.0
924,frame_000924.jpg,18,1016.2,594.4,36.0,20.0
925,frame_000925.jpg,17,1016.0,594.4,36.0,20.0
926,frame_000926.jpg,17,1016.0,594.4,36.0,20.0
927,frame_000927.jpg,17,1016.0,594.4,36.0,20.0
928,frame_000928.jpg,17,1016.0,594.4,36.0,20.0
929,frame_000929.jpg,17,1016.0,594.4,36.0,20.0
930,frame_000930.jpg,17,1016.0,594.4,36.0,20.0
931,frame_000931.jpg,17,1016.0,594.4,36.0,20.0
932,frame_000932.jpg,17,1016.0,594.4,36.0,20.0
933,frame_000933.jpg,17,1016.0,594.4,36.0,20.0
934,frame_000934.jpg,17,1016.0,594.4,36.0,20.0
935,frame_000935.jpg,17,1016.0,594.4,36.0,20.0
936,frame_000936.jpg,17,1016.0,594.4,36.0,20.0
937,frame_000937.jpg,17,1016.0,594.4,36.0,20.0
938,frame_000938.jpg,17,1016.0,594.4,36.0,20.0
939,frame_000939.jpg,17,1016.0,594.4,36.0,20.0
940,frame_000940.jpg,17,1016.0,594.4,36.0,20.0
941,frame_000941.jpg,17,1016.0,594.4,36.0,20.0
942,frame_000942.jpg,17,1016.0,594.4,36.0,20.0
943,frame_000943.jpg,17,1016.0,594.4,36.0,20.0
944,frame_000944.jpg,17,1016.0,594.4,36.0,20.0
945,frame_000945.jpg,17,1016.0,594.4,36.0,20.0
946,frame_000946.jpg,17,1016.0,594.4,36.0,20.0
947,frame_000947.jpg,17,1016.0,594.4,36.0,20.0
