index,filename,width,height,green_px
0,frame_000000.jpg,1920,1080,1207
1,frame_000001.jpg,1920,1080,1207
2,frame_000002.jpg,1920,1080,1214
3,frame_000003.jpg,1920,1080,1164
4,frame_000004.jpg,1920,1080,1158
5,frame_000005.jpg,1920,1080,1216
6,frame_000006.jpg,1920,1080,1187
7,frame_000007.jpg,1920,1080,1181
8,frame_000008.jpg,1920,1080,1191
9,frame_000009.jpg,1920,1080,1184
10,frame_000010.jpg,1920,1080,1205
11,frame_000011.jpg,1920,1080,1173
12,frame_000012.jpg,1920,1080,1194
13,frame_000013.jpg,1920,1080,1201
14,frame_000014.jpg,1920,1080,1206
15,frame_000015.jpg,1920,1080,1193
16,frame_000016.jpg,1920,1080,1184
17,frame_000017.jpg,1920,1080,1189
18,frame_000018.jpg,1920,1080,1180
19,frame_000019.jpg,1920,1080,1202
20,frame_000020.jpg,1920,1080,1191
21,frame_000021.jpg,1920,1080,1195
22,frame_000022.jpg,1920,1080,1175
23,frame_000023.jpg,1920,1080,1151
24,frame_000024.jpg,1920,1080,1178
25,frame_000025.jpg,1920,1080,1191
26,frame_000026.jpg,1920,1080,1173
27,frame_000027.jpg,1920,1080,1160
28,frame_000028.jpg,1920,1080,1191
29,frame_000029.jpg,1920,1080,1211
30,frame_000030.jpg,1920,1080,1195
31,frame_000031.jpg,1920,1080,1200
32,frame_000032.jpg,1920,1080,1183
33,frame_000033.jpg,1920,1080,1197
34,frame_000034.jpg,1920,1080,1180
35,frame_000035.jpg,1920,1080,1193
36,frame_000036.jpg,1920,1080,1180
37,frame_000037.jpg,1920,1080,1185
38,frame_000038.jpg,1920,1080,1140
39,frame_000039.jpg,1920,1080,1201
40,frame_000040.jpg,1920,1080,1191
41,frame_000041.jpg,1920,1080,1198
42,frame_000042.jpg,1920,1080,1161
43,frame_000043.jpg,1920,1080,1198
44,frame_000044.jpg,1920,1080,1191
45,frame_000045.jpg,1920,1080,1208
46,frame_000046.jpg,1920,1080,1197
47,frame_000047.jpg,1920,1080,1212
48,frame_000048.jpg,1920,1080,1194
49,frame_000049.jpg,1920,1080,1196
50,frame_000050.jpg,1920,1080,1179
51,frame_000051.jpg,1920,1080,1200
52,frame_000052.jpg,1920,1080,1149
53,frame_000053.jpg,1920,1080,1199
54,frame_000054.jpg,1920,1080,1181
55,frame_000055.jpg,1920,1080,1203
56,frame_000056.jpg,1920,1080,1156
57,frame_000057.jpg,1920,1080,1189
58,frame_000058.jpg,1920,1080,1187
59,frame_000059.jpg,1920,1080,1183
60,frame_000060.jpg,1920,1080,1174
61,frame_000061.jpg,1920,1080,1200
62,frame_000062.jpg,1920,1080,1173
63,frame_000063.jpg,1920,1080,1155
64,frame_000064.jpg,1920,1080,1146
65,frame_000065.jpg,1920,1080,1141
66,frame_000066.jpg,1920,1080,1181
67,frame_000067.jpg,1920,1080,1139
68,frame_000068.jpg,1920,1080,1209
69,frame_000069.jpg,1920,1080,1146
70,frame_000070.jpg,1920,1080,1127
71,frame_000071.jpg,1920,1080,1149
72,frame_000072.jpg,1920,1080,1120
73,frame_000073.jpg,1920,1080,1116
74,frame_000074.jpg,1920,1080,1126
75,frame_000075.jpg,1920,1080,1110
76,frame_000076.jpg,1920,1080,1141
77,frame_000077.jpg,1920,1080,1080
78,frame_000078.jpg,1920,1080,1176
79,frame_000079.jpg,1920,1080,1170
80,frame_000080.jpg,1920,1080,1150
81,frame_000081.jpg,1920,1080,1100
82,frame_000082.jpg,1920,1080,1102
83,frame_000083.jpg,1920,1080,1111
84,frame_000084.jpg,1920,1080,2039
85,frame_000085.jpg,1920,1080,1138
86,frame_000086.jpg,1920,1080,1157
87,frame_000087.jpg,1920,1080,1145
88,frame_000088.jpg,1920,1080,1090
89,frame_000089.jpg,1920,1080,1135
90,frame_000090.jpg,1920,1080,0
91,frame_000091.jpg,1920,1080,1122
92,frame_000092.jpg,1920,1080,0
93,frame_000093.jpg,1920,1080,0
94,frame_000094.jpg,1920,1080,0
95,frame_000095.jpg,1920,1080,0
96,frame_000096.jpg,1920,1080,0
97,frame_000097.jpg,1920,1080,1075
98,frame_000098.jpg,1920,1080,0
99,frame_000099.jpg,1920,1080,1074
100,frame_000100.jpg,1920,1080,1051
101,frame_000101.jpg,1920,1080,1059
102,frame_000102.jpg,1920,1080,2074
103,frame_000103.jpg,1920,1080,1078
104,frame_000104.jpg,1920,1080,1107
105,frame_000105.jpg,1920,1080,1127
106,frame_000106.jpg,1920,1080,1049
107,frame_000107.jpg,1920,1080,1086
108,frame_000108.jpg,1920,1080,1093
109,frame_000109.jpg,1920,1080,1048
110,frame_000110.jpg,1920,1080,1097
111,frame_000111.jpg,1920,1080,1111
112,frame_000112.jpg,1920,1080,1066
113,frame_000113.jpg,1920,1080,3048
114,frame_000114.jpg,1920,1080,1066
115,frame_000115.jpg,1920,1080,1111
116,frame_000116.jpg,1920,1080,1108
117,frame_000117.jpg,1920,1080,1873
118,frame_000118.jpg,1920,1080,1112
119,frame_000119.jpg,1920,1080,2781
120,frame_000120.jpg,1920,1080,1162
121,frame_000121.jpg,1920,1080,1127
122,frame_000122.jpg,1920,1080,1985
123,frame_000123.jpg,1920,1080,1796
124,frame_000124.jpg,1920,1080,1863
125,frame_000125.jpg,1920,1080,1024
126,frame_000126.jpg,1920,1080,1045
127,frame_000127.jpg,1920,1080,1059
128,frame_000128.jpg,1920,1080,1003
129,frame_000129.jpg,1920,1080,1051
130,frame_000130.jpg,1920,1080,1041
131,frame_000131.jpg,1920,1080,1042
132,frame_000132.jpg,1920,1080,1028
133,frame_000133.jpg,1920,1080,1096
134,frame_000134.jpg,1920,1080,1091
135,frame_000135.jpg,1920,1080,1166
136,frame_000136.jpg,1920,1080,1159
137,frame_000137.jpg,1920,1080,1117
138,frame_000138.jpg,1920,1080,1109
139,frame_000139.jpg,1920,1080,1099
140,frame_000140.jpg,1920,1080,1134
141,frame_000141.jpg,1920,1080,1101
142,frame_000142.jpg,1920,1080,1117
143,frame_000143.jpg,1920,1080,1090
144,frame_000144.jpg,1920,1080,1116
145,frame_000145.jpg,1920,1080,1113
146,frame_000146.jpg,1920,1080,1116
147,frame_000147.jpg,1920,1080,1114
148,frame_000148.jpg,1920,1080,1120
149,frame_000149.jpg,1920,1080,1117
150,frame_000150.jpg,1920,1080,1100
151,frame_000151.jpg,1920,1080,1106
152,frame_000152.jpg,1920,1080,1110
153,frame_000153.jpg,1920,1080,1097
154,frame_000154.jpg,1920,1080,1112
155,frame_000155.jpg,1920,1080,1112
156,frame_000156.jpg,1920,1080,1112
157,frame_000157.jpg,1920,1080,1104
158,frame_000158.jpg,1920,1080,1101
159,frame_000159.jpg,1920,1080,1109
160,frame_000160.jpg,1920,1080,1117
161,frame_000161.jpg,1920,1080,1111
162,frame_000162.jpg,1920,1080,1102
163,frame_000163.jpg,1920,1080,1121
164,frame_000164.jpg,1920,1080,1143
165,frame_000165.jpg,1920,1080,1130
166,frame_000166.jpg,1920,1080,1119
167,frame_000167.jpg,1920,1080,1132
168,frame_000168.jpg,1920,1080,1126
169,frame_000169.jpg,1920,1080,1133
170,frame_000170.jpg,1920,1080,1139
171,frame_000171.jpg,1920,1080,1141
172,frame_000172.jpg,1920,1080,1139
173,frame_000173.jpg,1920,1080,1133
174,frame_000174.jpg,1920,1080,1097
175,frame_000175.jpg,1920,1080,1134
176,frame_000176.jpg,1920,1080,1136
177,frame_000177.jpg,1920,1080,1142
178,frame_000178.jpg,1920,1080,1137
179,frame_000179.jpg,1920,1080,1128
180,frame_000180.jpg,1920,1080,1134
181,frame_000181.jpg,1920,1080,1127
182,frame_000182.jpg,1920,1080,1105
183,frame_000183.jpg,1920,1080,1152
184,frame_000184.jpg,1920,1080,1151
185,frame_000185.jpg,1920,1080,1107
186,frame_000186.jpg,1920,1080,1104
187,frame_000187.jpg,1920,1080,1104
188,frame_000188.jpg,1920,1080,1146
189,frame_000189.jpg,1920,1080,1160
190,frame_000190.jpg,1920,1080,1137
191,frame_000191.jpg,1920,1080,1115
192,frame_000192.jpg,1920,1080,1116
193,frame_000193.jpg,1920,1080,1120
194,frame_000194.jpg,1920,1080,1128
195,frame_000195.jpg,1920,1080,1165
196,frame_000196.jpg,1920,1080,1101
197,frame_000197.jpg,1920,1080,1118
198,frame_000198.jpg,1920,1080,1113
199,frame_000199.jpg,1920,1080,1120
200,frame_000200.jpg,1920,1080,1111
201,frame_000201.jpg,1920,1080,1117
202,frame_000202.jpg,1920,1080,1164
203,frame_000203.jpg,1920,1080,1162
204,frame_000204.jpg,1920,1080,1122
205,frame_000205.jpg,1920,1080,1157
206,frame_000206.jpg,1920,1080,1135
207,frame_000207.jpg,1920,1080,1151
208,frame_000208.jpg,1920,1080,1156
209,frame_000209.jpg,1920,1080,1101
210,frame_000210.jpg,1920,1080,1104
211,frame_000211.jpg,1920,1080,1058
212,frame_000212.jpg,1920,1080,1135
213,frame_000213.jpg,1920,1080,1111
214,frame_000214.jpg,1920,1080,1106
215,frame_000215.jpg,1920,1080,1064
216,frame_000216.jpg,1920,1080,1066
217,frame_000217.jpg,1920,1080,1090
218,frame_000218.jpg,1920,1080,1112
219,frame_000219.jpg,1920,1080,1113
220,frame_000220.jpg,1920,1080,1102
221,frame_000221.jpg,1920,1080,1073
222,frame_000222.jpg,1920,1080,1102
223,frame_000223.jpg,1920,1080,1074
224,frame_000224.jpg,1920,1080,1060
225,frame_000225.jpg,1920,1080,1057
226,frame_000226.jpg,1920,1080,1076
227,frame_000227.jpg,1920,1080,1076
228,frame_000228.jpg,1920,1080,1046
229,frame_000229.jpg,1920,1080,1088
230,frame_000230.jpg,1920,1080,1100
231,frame_000231.jpg,1920,1080,1053
232,frame_000232.jpg,1920,1080,1050
233,frame_000233.jpg,1920,1080,1084
234,frame_000234.jpg,1920,1080,1105
235,frame_000235.jpg,1920,1080,1108
236,frame_000236.jpg,1920,1080,1099
237,frame_000237.jpg,1920,1080,1111
238,frame_000238.jpg,1920,1080,1115
239,frame_000239.jpg,1920,1080,1104
240,frame_000240.jpg,1920,1080,1151
241,frame_000241.jpg,1920,1080,1104
242,frame_000242.jpg,1920,1080,1060
243,frame_000243.jpg,1920,1080,1111
244,frame_000244.jpg,1920,1080,1091
245,frame_000245.jpg,1920,1080,1053
246,frame_000246.jpg,1920,1080,1029
247,frame_000247.jpg,1920,1080,1065
248,frame_000248.jpg,1920,1080,1073
249,frame_000249.jpg,1920,1080,0
250,frame_000250.jpg,1920,1080,0
251,frame_000251.jpg,1920,1080,0
252,frame_000252.jpg,1920,1080,1102
253,frame_000253.jpg,1920,1080,1107
254,frame_000254.jpg,1920,1080,1106
255,frame_000255.jpg,1920,1080,0
256,frame_000256.jpg,1920,1080,0
257,frame_000257.jpg,1920,1080,1107
258,frame_000258.jpg,1920,1080,1110
259,frame_000259.jpg,1920,1080,1101
260,frame_000260.jpg,1920,1080,1082
261,frame_000261.jpg,1920,1080,1091
262,frame_000262.jpg,1920,1080,0
263,frame_000263.jpg,1920,1080,0
264,frame_000264.jpg,1920,1080,1077
265,frame_000265.jpg,1920,1080,0
266,frame_000266.jpg,1920,1080,0
267,frame_000267.jpg,1920,1080,1096
268,frame_000268.jpg,1920,1080,1112
269,frame_000269.jpg,1920,1080,0
270,frame_000270.jpg,1920,1080,0
271,frame_000271.jpg,1920,1080,0
272,frame_000272.jpg,1920,1080,0
273,frame_000273.jpg,1920,1080,0
274,frame_000274.jpg,1920,1080,0
275,frame_000275.jpg,1920,1080,0
276,frame_000276.jpg,1920,1080,1114
277,frame_000277.jpg,1920,1080,0
278,frame_000278.jpg,1920,1080,0
279,frame_000279.jpg,1920,1080,0
280,frame_000280.jpg,1920,1080,1101
281,frame_000281.jpg,1920,1080,0
282,frame_000282.jpg,1920,1080,0
283,frame_000283.jpg,1920,1080,0
284,frame_000284.jpg,1920,1080,0
285,frame_000285.jpg,1920,1080,0
286,frame_000286.jpg,1920,1080,1078
287,frame_000287.jpg,1920,1080,0
288,frame_000288.jpg,1920,1080,0
289,frame_000289.jpg,1920,1080,0
290,frame_000290.jpg,1920,1080,0
291,frame_000291.jpg,1920,1080,0
292,frame_000292.jpg,1920,1080,0
293,frame_000293.jpg,1920,1080,0
294,frame_000294.jpg,1920,1080,1073
295,frame_000295.jpg,1920,1080,1025
296,frame_000296.jpg,1920,1080,0
297,frame_000297.jpg,1920,1080,0
298,frame_000298.jpg,1920,1080,0
299,frame_000299.jpg,1920,1080,1039
300,frame_000300.jpg,1920,1080,0
301,frame_000301.jpg,1920,1080,0
302,frame_000302.jpg,1920,1080,1072
303,frame_000303.jpg,1920,1080,0
304,frame_000304.jpg,1920,1080,1037
305,frame_000305.jpg,1920,1080,1098
306,frame_000306.jpg,1920,1080,1064
307,frame_000307.jpg,1920,1080,1065
308,frame_000308.jpg,1920,1080,1061
309,frame_000309.jpg,1920,1080,0
310,frame_000310.jpg,1920,1080,1090
311,frame_000311.jpg,1920,1080,1054
312,frame_000312.jpg,1920,1080,1097
313,frame_000313.jpg,1920,1080,1064
314,frame_000314.jpg,1920,1080,1056
315,frame_000315.jpg,1920,1080,1032
316,frame_000316.jpg,1920,1080,1101
317,frame_000317.jpg,1920,1080,1108
318,frame_000318.jpg,1920,1080,1113
319,frame_000319.jpg,1920,1080,1062
320,frame_000320.jpg,1920,1080,1055
321,frame_000321.jpg,1920,1080,1105
322,frame_000322.jpg,1920,1080,1154
323,frame_000323.jpg,1920,1080,1105
324,frame_000324.jpg,1920,1080,1114
325,frame_000325.jpg,1920,1080,1112
326,frame_000326.jpg,1920,1080,1096
327,frame_000327.jpg,1920,1080,1064
328,frame_000328.jpg,1920,1080,1055
329,frame_000329.jpg,1920,1080,1090
330,frame_000330.jpg,1920,1080,1072
331,frame_000331.jpg,1920,1080,1116
332,frame_000332.jpg,1920,1080,1064
333,frame_000333.jpg,1920,1080,1101
334,frame_000334.jpg,1920,1080,1110
335,frame_000335.jpg,1920,1080,1115
336,frame_000336.jpg,1920,1080,1085
337,frame_000337.jpg,1920,1080,1104
338,frame_000338.jpg,1920,1080,1120
339,frame_000339.jpg,1920,1080,1089
340,frame_000340.jpg,1920,1080,1135
341,frame_000341.jpg,1920,1080,1104
342,frame_000342.jpg,1920,1080,1105
343,frame_000343.jpg,1920,1080,1116
344,frame_000344.jpg,1920,1080,1122
345,frame_000345.jpg,1920,1080,1119
346,frame_000346.jpg,1920,1080,1088
347,frame_000347.jpg,1920,1080,1102
348,frame_000348.jpg,1920,1080,1130
349,frame_000349.jpg,1920,1080,1138
350,frame_000350.jpg,1920,1080,1138
351,frame_000351.jpg,1920,1080,1132
352,frame_000352.jpg,1920,1080,1139
353,frame_000353.jpg,1920,1080,1161
354,frame_000354.jpg,1920,1080,1113
355,frame_000355.jpg,1920,1080,1128
356,frame_000356.jpg,1920,1080,1098
357,frame_000357.jpg,1920,1080,1081
358,frame_000358.jpg,1920,1080,1142
359,frame_000359.jpg,1920,1080,1125
360,frame_000360.jpg,1920,1080,1108
361,frame_000361.jpg,1920,1080,1117
362,frame_000362.jpg,1920,1080,1126
363,frame_000363.jpg,1920,1080,1114
364,frame_000364.jpg,1920,1080,1109
365,frame_000365.jpg,1920,1080,1090
366,frame_000366.jpg,1920,1080,1106
367,frame_000367.jpg,1920,1080,1102
368,frame_000368.jpg,1920,1080,1108
369,frame_000369.jpg,1920,1080,1110
370,frame_000370.jpg,1920,1080,1081
371,frame_000371.jpg,1920,1080,1107
372,frame_000372.jpg,1920,1080,1102
373,frame_000373.jpg,1920,1080,1106
374,frame_000374.jpg,1920,1080,1112
375,frame_000375.jpg,1920,1080,1118
376,frame_000376.jpg,1920,1080,1087
377,frame_000377.jpg,1920,1080,1089
378,frame_000378.jpg,1920,1080,1079
379,frame_000379.jpg,1920,1080,1087
380,frame_000380.jpg,1920,1080,1097
381,frame_000381.jpg,1920,1080,1110
382,frame_000382.jpg,1920,1080,1109
383,frame_000383.jpg,1920,1080,1107
384,frame_000384.jpg,1920,1080,1060
385,frame_000385.jpg,1920,1080,1090
386,frame_000386.jpg,1920,1080,1075
387,frame_000387.jpg,1920,1080,1105
388,frame_000388.jpg,1920,1080,1072
389,frame_000389.jpg,1920,1080,1091
390,frame_000390.jpg,1920,1080,1075
391,frame_000391.jpg,1920,1080,1076
392,frame_000392.jpg,1920,1080,1065
393,frame_000393.jpg,1920,1080,1073
394,frame_000394.jpg,1920,1080,1065
395,frame_000395.jpg,1920,1080,1046
396,frame_000396.jpg,1920,1080,1061
397,frame_000397.jpg,1920,1080,1069
398,frame_000398.jpg,1920,1080,1080
399,frame_000399.jpg,1920,1080,1097
400,frame_000400.jpg,1920,1080,1076
401,frame_000401.jpg,1920,1080,1086
402,frame_000402.jpg,1920,1080,1101
403,frame_000403.jpg,1920,1080,1092
404,frame_000404.jpg,1920,1080,1047
405,frame_000405.jpg,1920,1080,1085
406,frame_000406.jpg,1920,1080,1057
407,frame_000407.jpg,1920,1080,1046
408,frame_000408.jpg,1920,1080,1053
409,frame_000409.jpg,1920,1080,1035
410,frame_000410.jpg,1920,1080,1088
411,frame_000411.jpg,1920,1080,1062
412,frame_000412.jpg,1920,1080,1034
413,frame_000413.jpg,1920,1080,1051
414,frame_000414.jpg,1920,1080,1043
415,frame_000415.jpg,1920,1080,1046
416,frame_000416.jpg,1920,1080,1042
417,frame_000417.jpg,1920,1080,1045
418,frame_000418.jpg,1920,1080,1072
419,frame_000419.jpg,1920,1080,1058
420,frame_000420.jpg,1920,1080,1045
421,frame_000421.jpg,1920,1080,1063
422,frame_000422.jpg,1920,1080,1058
423,frame_000423.jpg,1920,1080,1050
424,frame_000424.jpg,1920,1080,1070
425,frame_000425.jpg,1920,1080,1062
426,frame_000426.jpg,1920,1080,1067
427,frame_000427.jpg,1920,1080,1062
428,frame_000428.jpg,1920,1080,1063
429,frame_000429.jpg,1920,1080,1016
430,frame_000430.jpg,1920,1080,1056
431,frame_000431.jpg,1920,1080,1053
432,frame_000432.jpg,1920,1080,1050
433,frame_000433.jpg,1920,1080,1064
434,frame_000434.jpg,1920,1080,1036
435,frame_000435.jpg,1920,1080,1043
436,frame_000436.jpg,1920,1080,1027
437,frame_000437.jpg,1920,1080,1011
438,frame_000438.jpg,1920,1080,1026
439,frame_000439.jpg,1920,1080,1042
440,frame_000440.jpg,1920,1080,1011
441,frame_000441.jpg,1920,1080,1040
442,frame_000442.jpg,1920,1080,1014
443,frame_000443.jpg,1920,1080,1028
444,frame_000444.jpg,1920,1080,1005
445,frame_000445.jpg,1920,1080,1035
446,frame_000446.jpg,1920,1080,1018
447,frame_000447.jpg,1920,1080,997
448,frame_000448.jpg,1920,1080,978
449,frame_000449.jpg,1920,1080,975
450,frame_000450.jpg,1920,1080,952
451,frame_000451.jpg,1920,1080,912
452,frame_000452.jpg,1920,1080,908
453,frame_000453.jpg,1920,1080,919
454,frame_000454.jpg,1920,1080,956
455,frame_000455.jpg,1920,1080,966
456,frame_000456.jpg,1920,1080,941
457,frame_000457.jpg,1920,1080,923
458,frame_000458.jpg,1920,1080,947
459,frame_000459.jpg,1920,1080,954
460,frame_000460.jpg,1920,1080,963
461,frame_000461.jpg,1920,1080,966
462,frame_000462.jpg,1920,1080,967
463,frame_000463.jpg,1920,1080,962
464,frame_000464.jpg,1920,1080,995
465,frame_000465.jpg,1920,1080,987
466,frame_000466.jpg,1920,1080,1000
467,frame_000467.jpg,1920,1080,966
468,frame_000468.jpg,1920,1080,999
469,frame_000469.jpg,1920,1080,995
470,frame_000470.jpg,1920,1080,1000
471,frame_000471.jpg,1920,1080,997
472,frame_000472.jpg,1920,1080,985
473,frame_000473.jpg,1920,1080,994
474,frame_000474.jpg,1920,1080,997
475,frame_000475.jpg,1920,1080,1004
476,frame_000476.jpg,1920,1080,1000
477,frame_000477.jpg,1920,1080,1011
478,frame_000478.jpg,1920,1080,1005
479,frame_000479.jpg,1920,1080,965
480,frame_000480.jpg,1920,1080,891
481,frame_000481.jpg,1920,1080,937
482,frame_000482.jpg,1920,1080,950
483,frame_000483.jpg,1920,1080,941
484,frame_000484.jpg,1920,1080,952
485,frame_000485.jpg,1920,1080,970
486,frame_000486.jpg,1920,1080,924
487,frame_000487.jpg,1920,1080,984
488,frame_000488.jpg,1920,1080,988
489,frame_000489.jpg,1920,1080,1038
490,frame_000490.jpg,1920,1080,1031
491,frame_000491.jpg,1920,1080,1022
492,frame_000492.jpg,1920,1080,1055
493,frame_000493.jpg,1920,1080,1049
494,frame_000494.jpg,1920,1080,1044
495,frame_000495.jpg,1920,1080,1017
496,frame_000496.jpg,1920,1080,1021
497,frame_000497.jpg,1920,1080,1058
498,frame_000498.jpg,1920,1080,1066
499,frame_000499.jpg,1920,1080,1044
500,frame_000500.jpg,1920,1080,1047
501,frame_000501.jpg,1920,1080,1078
502,frame_000502.jpg,1920,1080,1076
503,frame_000503.jpg,1920,1080,1030
504,frame_000504.jpg,1920,1080,1030
505,frame_000505.jpg,1920,1080,1022
506,frame_000506.jpg,1920,1080,1035
507,frame_000507.jpg,1920,1080,1043
508,frame_000508.jpg,1920,1080,1102
509,frame_000509.jpg,1920,1080,1052
510,frame_000510.jpg,1920,1080,1089
511,frame_000511.jpg,1920,1080,1044
512,frame_000512.jpg,1920,1080,1077
513,frame_000513.jpg,1920,1080,1066
514,frame_000514.jpg,1920,1080,1103
515,frame_000515.jpg,1920,1080,1088
516,frame_000516.jpg,1920,1080,1106
517,frame_000517.jpg,1920,1080,1062
518,frame_000518.jpg,1920,1080,1087
519,frame_000519.jpg,1920,1080,1105
520,frame_000520.jpg,1920,1080,1118
521,frame_000521.jpg,1920,1080,1085
522,frame_000522.jpg,1920,1080,1091
523,frame_000523.jpg,1920,1080,1093
524,frame_000524.jpg,1920,1080,1074
525,frame_000525.jpg,1920,1080,1039
526,frame_000526.jpg,1920,1080,1081
527,frame_000527.jpg,1920,1080,1080
528,frame_000528.jpg,1920,1080,1086
529,frame_000529.jpg,1920,1080,1122
530,frame_000530.jpg,1920,1080,1067
531,frame_000531.jpg,1920,1080,1099
532,frame_000532.jpg,1920,1080,1114
533,frame_000533.jpg,1920,1080,1131
534,frame_000534.jpg,1920,1080,1097
535,frame_000535.jpg,1920,1080,1094
536,frame_000536.jpg,1920,1080,1095
537,frame_000537.jpg,1920,1080,1066
538,frame_000538.jpg,1920,1080,1057
539,frame_000539.jpg,1920,1080,1096
540,frame_000540.jpg,1920,1080,1119
541,frame_000541.jpg,1920,1080,1130
542,frame_000542.jpg,1920,1080,1101
543,frame_000543.jpg,1920,1080,1115
544,frame_000544.jpg,1920,1080,1075
545,frame_000545.jpg,1920,1080,1106
546,frame_000546.jpg,1920,1080,1056
547,frame_000547.jpg,1920,1080,1072
548,frame_000548.jpg,1920,1080,1036
549,frame_000549.jpg,1920,1080,1076
550,frame_000550.jpg,1920,1080,1096
551,frame_000551.jpg,1920,1080,1113
552,frame_000552.jpg,1920,1080,1125
553,frame_000553.jpg,1920,1080,1120
554,frame_000554.jpg,1920,1080,1120
555,frame_000555.jpg,1920,1080,1119
556,frame_000556.jpg,1920,1080,1084
557,frame_000557.jpg,1920,1080,1086
558,frame_000558.jpg,1920,1080,1105
559,frame_000559.jpg,1920,1080,1113
560,frame_000560.jpg,1920,1080,1098
561,frame_000561.jpg,1920,1080,1110
562,frame_000562.jpg,1920,1080,1115
563,frame_000563.jpg,1920,1080,1064
564,frame_000564.jpg,1920,1080,1093
565,frame_000565.jpg,1920,1080,1041
566,frame_000566.jpg,1920,1080,1108
567,frame_000567.jpg,1920,1080,1104
568,frame_000568.jpg,1920,1080,1108
569,frame_000569.jpg,1920,1080,1113
570,frame_000570.jpg,1920,1080,1109
571,frame_000571.jpg,1920,1080,1112
572,frame_000572.jpg,1920,1080,1106
573,frame_000573.jpg,1920,1080,1085
574,frame_000574.jpg,1920,1080,1064
575,frame_000575.jpg,1920,1080,1070
576,frame_000576.jpg,1920,1080,1088
577,frame_000577.jpg,1920,1080,1093
578,frame_000578.jpg,1920,1080,1090
579,frame_000579.jpg,1920,1080,1046
580,frame_000580.jpg,1920,1080,1074
581,frame_000581.jpg,1920,1080,1072
582,frame_000582.jpg,1920,1080,1083
583,frame_000583.jpg,1920,1080,1141
584,frame_000584.jpg,1920,1080,1115
585,frame_000585.jpg,1920,1080,1101
586,frame_000586.jpg,1920,1080,1117
587,frame_000587.jpg,1920,1080,1112
588,frame_000588.jpg,1920,1080,1116
589,frame_000589.jpg,1920,1080,1073
590,frame_000590.jpg,1920,1080,1067
591,frame_000591.jpg,1920,1080,1089
592,frame_000592.jpg,1920,1080,1087
593,frame_000593.jpg,1920,1080,1078
594,frame_000594.jpg,1920,1080,1046
595,frame_000595.jpg,1920,1080,1082
596,frame_000596.jpg,1920,1080,1036
597,frame_000597.jpg,1920,1080,1077
598,frame_000598.jpg,1920,1080,1106
599,frame_000599.jpg,1920,1080,1078
600,frame_000600.jpg,1920,1080,1097
601,frame_000601.jpg,1920,1080,1078
602,frame_000602.jpg,1920,1080,1068
603,frame_000603.jpg,1920,1080,1083
604,frame_000604.jpg,1920,1080,1116
605,frame_000605.jpg,1920,1080,1097
606,frame_000606.jpg,1920,1080,1098
607,frame_000607.jpg,1920,1080,1049
608,frame_000608.jpg,1920,1080,1086
609,frame_000609.jpg,1920,1080,1061
610,frame_000610.jpg,1920,1080,1083
611,frame_000611.jpg,1920,1080,1083
612,frame_000612.jpg,1920,1080,1094
613,frame_000613.jpg,1920,1080,1075
614,frame_000614.jpg,1920,1080,1132
615,frame_000615.jpg,1920,1080,1075
616,frame_000616.jpg,1920,1080,1112
617,frame_000617.jpg,1920,1080,1123
618,frame_000618.jpg,1920,1080,1135
619,frame_000619.jpg,1920,1080,1108
620,frame_000620.jpg,1920,1080,1103
621,frame_000621.jpg,1920,1080,1093
622,frame_000622.jpg,1920,1080,1102
623,frame_000623.jpg,1920,1080,1099
624,frame_000624.jpg,1920,1080,1086
625,frame_000625.jpg,1920,1080,1109
626,frame_000626.jpg,1920,1080,1059
627,frame_000627.jpg,1920,1080,1069
628,frame_000628.jpg,1920,1080,1086
629,frame_000629.jpg,1920,1080,1089
630,frame_000630.jpg,1920,1080,1090
631,frame_000631.jpg,1920,1080,1117
632,frame_000632.jpg,1920,1080,1063
633,frame_000633.jpg,1920,1080,1100
634,frame_000634.jpg,1920,1080,1074
635,frame_000635.jpg,1920,1080,1095
636,frame_000636.jpg,1920,1080,1061
637,frame_000637.jpg,1920,1080,1045
638,frame_000638.jpg,1920,1080,1092
639,frame_000639.jpg,1920,1080,1070
640,frame_000640.jpg,1920,1080,1067
641,frame_000641.jpg,1920,1080,1085
642,frame_000642.jpg,1920,1080,1106
643,frame_000643.jpg,1920,1080,1128
644,frame_000644.jpg,1920,1080,1065
645,frame_000645.jpg,1920,1080,1074
646,frame_000646.jpg,1920,1080,1069
647,frame_000647.jpg,1920,1080,1073
648,frame_000648.jpg,1920,1080,1070
649,frame_000649.jpg,1920,1080,1089
650,frame_000650.jpg,1920,1080,1085
651,frame_000651.jpg,1920,1080,1116
652,frame_000652.jpg,1920,1080,1114
653,frame_000653.jpg,1920,1080,1104
654,frame_000654.jpg,1920,1080,1092
655,frame_000655.jpg,1920,1080,1107
656,frame_000656.jpg,1920,1080,1111
657,frame_000657.jpg,1920,1080,1115
658,frame_000658.jpg,1920,1080,1063
659,frame_000659.jpg,1920,1080,1060
660,frame_000660.jpg,1920,1080,1065
661,frame_000661.jpg,1920,1080,1070
662,frame_000662.jpg,1920,1080,1070
663,frame_000663.jpg,1920,1080,1069
664,frame_000664.jpg,1920,1080,1089
665,frame_000665.jpg,1920,1080,1111
666,frame_000666.jpg,1920,1080,1115
667,frame_000667.jpg,1920,1080,1110
668,frame_000668.jpg,1920,1080,1110
669,frame_000669.jpg,1920,1080,1105
670,frame_000670.jpg,1920,1080,1133
671,frame_000671.jpg,1920,1080,1122
672,frame_000672.jpg,1920,1080,1082
673,frame_000673.jpg,1920,1080,1072
674,frame_000674.jpg,1920,1080,1107
675,frame_000675.jpg,1920,1080,1062
676,frame_000676.jpg,1920,1080,1065
677,frame_000677.jpg,1920,1080,1061
678,frame_000678.jpg,1920,1080,1069
679,frame_000679.jpg,1920,1080,1077
680,frame_000680.jpg,1920,1080,1057
681,frame_000681.jpg,1920,1080,1067
682,frame_000682.jpg,1920,1080,1071
683,frame_000683.jpg,1920,1080,1060
684,frame_000684.jpg,1920,1080,1064
685,frame_000685.jpg,1920,1080,1027
686,frame_000686.jpg,1920,1080,1032
687,frame_000687.jpg,1920,1080,1022
688,frame_000688.jpg,1920,1080,1050
689,frame_000689.jpg,1920,1080,1030
690,frame_000690.jpg,1920,1080,1046
691,frame_000691.jpg,1920,1080,1086
692,frame_000692.jpg,1920,1080,1027
693,frame_000693.jpg,1920,1080,1065
694,frame_000694.jpg,1920,1080,1084
695,frame_000695.jpg,1920,1080,1063
696,frame_000696.jpg,1920,1080,1070
697,frame_000697.jpg,1920,1080,1083
698,frame_000698.jpg,1920,1080,1088
699,frame_000699.jpg,1920,1080,1076
700,frame_000700.jpg,1920,1080,1096
701,frame_000701.jpg,1920,1080,1071
702,frame_000702.jpg,1920,1080,1096
703,frame_000703.jpg,1920,1080,1105
704,frame_000704.jpg,1920,1080,1098
705,frame_000705.jpg,1920,1080,1064
706,frame_000706.jpg,1920,1080,1042
707,frame_000707.jpg,1920,1080,1043
708,frame_000708.jpg,1920,1080,1047
709,frame_000709.jpg,1920,1080,1029
710,frame_000710.jpg,1920,1080,1075
711,frame_000711.jpg,1920,1080,1063
712,frame_000712.jpg,1920,1080,1049
713,frame_000713.jpg,1920,1080,1055
714,frame_000714.jpg,1920,1080,1091
715,frame_000715.jpg,1920,1080,1079
716,frame_000716.jpg,1920,1080,1076
717,frame_000717.jpg,1920,1080,1085
718,frame_000718.jpg,1920,1080,1082
719,frame_000719.jpg,1920,1080,1073
720,frame_000720.jpg,1920,1080,1097
721,frame_000721.jpg,1920,1080,1087
722,frame_000722.jpg,1920,1080,1111
723,frame_000723.jpg,1920,1080,1078
724,frame_000724.jpg,1920,1080,1079
725,frame_000725.jpg,1920,1080,1092
726,frame_000726.jpg,1920,1080,1066
727,frame_000727.jpg,1920,1080,1039
728,frame_000728.jpg,1920,1080,1042
729,frame_000729.jpg,1920,1080,1060
730,frame_000730.jpg,1920,1080,1039
731,frame_000731.jpg,1920,1080,1026
732,frame_000732.jpg,1920,1080,966
733,frame_000733.jpg,1920,1080,971
734,frame_000734.jpg,1920,1080,931
735,frame_000735.jpg,1920,1080,946
736,frame_000736.jpg,1920,1080,908
737,frame_000737.jpg,1920,1080,985
738,frame_000738.jpg,1920,1080,979
739,frame_000739.jpg,1920,1080,998
740,frame_000740.jpg,1920,1080,965
741,frame_000741.jpg,1920,1080,958
742,frame_000742.jpg,1920,1080,930
743,frame_000743.jpg,1920,1080,980
744,frame_000744.jpg,1920,1080,988
745,frame_000745.jpg,1920,1080,999
746,frame_000746.jpg,1920,1080,961
747,frame_000747.jpg,1920,1080,954
748,frame_000748.jpg,1920,1080,933
749,frame_000749.jpg,1920,1080,963
750,frame_000750.jpg,1920,1080,951
751,frame_000751.jpg,1920,1080,993
752,frame_000752.jpg,1920,1080,944
753,frame_000753.jpg,1920,1080,960
754,frame_000754.jpg,1920,1080,935
755,frame_000755.jpg,1920,1080,950
756,frame_000756.jpg,1920,1080,974
757,frame_000757.jpg,1920,1080,937
758,frame_000758.jpg,1920,1080,942
759,frame_000759.jpg,1920,1080,988
760,frame_000760.jpg,1920,1080,997
761,frame_000761.jpg,1920,1080,975
762,frame_000762.jpg,1920,1080,990
763,frame_000763.jpg,1920,1080,971
764,frame_000764.jpg,1920,1080,973
765,frame_000765.jpg,1920,1080,956
766,frame_000766.jpg,1920,1080,961
767,frame_000767.jpg,1920,1080,943
768,frame_000768.jpg,1920,1080,933
769,frame_000769.jpg,1920,1080,929
770,frame_000770.jpg,1920,1080,943
771,frame_000771.jpg,1920,1080,932
772,frame_000772.jpg,1920,1080,957
773,frame_000773.jpg,1920,1080,920
774,frame_000774.jpg,1920,1080,981
775,frame_000775.jpg,1920,1080,926
776,frame_000776.jpg,1920,1080,969
777,frame_000777.jpg,1920,1080,955
778,frame_000778.jpg,1920,1080,952
779,frame_000779.jpg,1920,1080,953
780,frame_000780.jpg,1920,1080,954
781,frame_000781.jpg,1920,1080,953
782,frame_000782.jpg,1920,1080,945
783,frame_000783.jpg,1920,1080,936
784,frame_000784.jpg,1920,1080,923
785,frame_000785.jpg,1920,1080,916
786,frame_000786.jpg,1920,1080,892
787,frame_000787.jpg,1920,1080,927
788,frame_000788.jpg,1920,1080,940
789,frame_000789.jpg,1920,1080,940
790,frame_000790.jpg,1920,1080,896
791,frame_000791.jpg,1920,1080,920
792,frame_000792.jpg,1920,1080,896
793,frame_000793.jpg,1920,1080,923
794,frame_000794.jpg,1920,1080,906
795,frame_000795.jpg,1920,1080,927
796,frame_000796.jpg,1920,1080,912
797,frame_000797.jpg,1920,1080,937
798,frame_000798.jpg,1920,1080,884
799,frame_000799.jpg,1920,1080,937
800,frame_000800.jpg,1920,1080,938
801,frame_000801.jpg,1920,1080,940
802,frame_000802.jpg,1920,1080,917
803,frame_000803.jpg,1920,1080,926
804,frame_000804.jpg,1920,1080,917
805,frame_000805.jpg,1920,1080,937
806,frame_000806.jpg,1920,1080,901
807,frame_000807.jpg,1920,1080,903
808,frame_000808.jpg,1920,1080,919
809,frame_000809.jpg,1920,1080,921
810,frame_000810.jpg,1920,1080,922
811,frame_000811.jpg,1920,1080,906
812,frame_000812.jpg,1920,1080,905
813,frame_000813.jpg,1920,1080,890
814,frame_000814.jpg,1920,1080,907
815,frame_000815.jpg,1920,1080,905
816,frame_000816.jpg,1920,1080,918
817,frame_000817.jpg,1920,1080,896
818,frame_000818.jpg,1920,1080,888
819,frame_000819.jpg,1920,1080,901
820,frame_000820.jpg,1920,1080,940
821,frame_000821.jpg,1920,1080,890
822,frame_000822.jpg,1920,1080,913
823,frame_000823.jpg,1920,1080,936
824,frame_000824.jpg,1920,1080,927
825,frame_000825.jpg,1920,1080,930
826,frame_000826.jpg,1920,1080,951
827,frame_000827.jpg,1920,1080,939
828,frame_000828.jpg,1920,1080,929
829,frame_000829.jpg,1920,1080,915
830,frame_000830.jpg,1920,1080,911
831,frame_000831.jpg,1920,1080,846
832,frame_000832.jpg,1920,1080,892
833,frame_000833.jpg,1920,1080,894
834,frame_000834.jpg,1920,1080,866
835,frame_000835.jpg,1920,1080,854
836,frame_000836.jpg,1920,1080,887
837,frame_000837.jpg,1920,1080,927
838,frame_000838.jpg,1920,1080,890
839,frame_000839.jpg,1920,1080,930
840,frame_000840.jpg,1920,1080,938
841,frame_000841.jpg,1920,1080,935
842,frame_000842.jpg,1920,1080,934
843,frame_000843.jpg,1920,1080,932
844,frame_000844.jpg,1920,1080,918
845,frame_000845.jpg,1920,1080,926
846,frame_000846.jpg,1920,1080,912
847,frame_000847.jpg,1920,1080,938
848,frame_000848.jpg,1920,1080,927
849,frame_000849.jpg,1920,1080,941
850,frame_000850.jpg,1920,1080,910
851,frame_000851.jpg,1920,1080,925
852,frame_000852.jpg,1920,1080,887
853,frame_000853.jpg,1920,1080,911
854,frame_000854.jpg,1920,1080,885
855,frame_000855.jpg,1920,1080,893
856,frame_000856.jpg,1920,1080,897
857,frame_000857.jpg,1920,1080,823
858,frame_000858.jpg,1920,1080,860
859,frame_000859.jpg,1920,1080,851
860,frame_000860.jpg,1920,1080,861
861,frame_000861.jpg,1920,1080,905
862,frame_000862.jpg,1920,1080,852
863,frame_000863.jpg,1920,1080,868
864,frame_000864.jpg,1920,1080,907
865,frame_000865.jpg,1920,1080,870
866,frame_000866.jpg,1920,1080,871
867,frame_000867.jpg,1920,1080,871
868,frame_000868.jpg,1920,1080,906
869,frame_000869.jpg,1920,1080,898
870,frame_000870.jpg,1920,1080,895
871,frame_000871.jpg,1920,1080,904
872,frame_000872.jpg,1920,1080,869
873,frame_000873.jpg,1920,1080,907
874,frame_000874.jpg,1920,1080,862
875,frame_000875.jpg,1920,1080,895
876,frame_000876.jpg,1920,1080,906
877,frame_000877.jpg,1920,1080,832
878,frame_000878.jpg,1920,1080,894
879,frame_000879.jpg,1920,1080,895
880,frame_000880.jpg,1920,1080,904
881,frame_000881.jpg,1920,1080,850
882,frame_000882.jpg,1920,1080,898
883,frame_000883.jpg,1920,1080,933
884,frame_000884.jpg,1920,1080,955
885,frame_000885.jpg,1920,1080,896
886,frame_000886.jpg,1920,1080,942
887,frame_000887.jpg,1920,1080,835
888,frame_000888.jpg,1920,1080,798
889,frame_000889.jpg,1920,1080,859
890,frame_000890.jpg,1920,1080,813
891,frame_000891.jpg,1920,1080,837
892,frame_000892.jpg,1920,1080,891
893,frame_000893.jpg,1920,1080,930
894,frame_000894.jpg,1920,1080,951
895,frame_000895.jpg,1920,1080,962
896,frame_000896.jpg,1920,1080,955
897,frame_000897.jpg,1920,1080,921
898,frame_000898.jpg,1920,1080,818
899,frame_000899.jpg,1920,1080,912
900,frame_000900.jpg,1920,1080,886
901,frame_000901.jpg,1920,1080,879
902,frame_000902.jpg,1920,1080,888
903,frame_000903.jpg,1920,1080,867
904,frame_000904.jpg,1920,1080,898
905,frame_000905.jpg,1920,1080,947
906,frame_000906.jpg,1920,1080,945
907,frame_000907.jpg,1920,1080,892
908,frame_000908.jpg,1920,1080,872
909,frame_000909.jpg,1920,1080,909
910,frame_000910.jpg,1920,1080,941
911,frame_000911.jpg,1920,1080,919
912,frame_000912.jpg,1920,1080,911
913,frame_000913.jpg,1920,1080,927
914,frame_000914.jpg,1920,1080,933
915,frame_000915.jpg,1920,1080,933
916,frame_000916.jpg,1920,1080,927
917,frame_000917.jpg,1920,1080,927
918,frame_000918.jpg,1920,1080,949
919,frame_000919.jpg,1920,1080,909
920,frame_000920.jpg,1920,1080,938
921,frame_000921.jpg,1920,1080,913
922,frame_000922.jpg,1920,1080,894
923,frame_000923.jpg,1920,1080,869
924,frame_000924.jpg,1920,1080,926
925,frame_000925.jpg,1920,1080,0
926,frame_000926.jpg,1920,1080,940
927,frame_000927.jpg,1920,1080,909
928,frame_000928.jpg,1920,1080,947
929,frame_000929.jpg,1920,1080,881
930,frame_000930.jpg,1920,1080,930
931,frame_000931.jpg,1920,1080,942
932,frame_000932.jpg,1920,1080,958
933,frame_000933.jpg,1920,1080,915
934,frame_000934.jpg,1920,1080,911
935,frame_000935.jpg,1920,1080,945
936,frame_000936.jpg,1920,1080,938
937,frame_000937.jpg,1920,1080,941
938,frame_000938.jpg,1920,1080,908
939,frame_000939.jpg,1920,1080,878
940,frame_000940.jpg,1920,1080,923
941,frame_000941.jpg,1920,1080,914
942,frame_000942.jpg,1920,1080,897
943,frame_000943.jpg,1920,1080,897
944,frame_000944.jpg,1920,1080,864
945,frame_000945.jpg,1920,1080,873
946,frame_000946.jpg,1920,1080,869
947,frame_000947.jpg,1920,1080,843
948,frame_000948.jpg,1920,1080,903
949,frame_000949.jpg,1920,1080,868
950,frame_000950.jpg,1920,1080,903
951,frame_000951.jpg,1920,1080,857
952,frame_000952.jpg,1920,1080,847
953,frame_000953.jpg,1920,1080,848
954,frame_000954.jpg,1920,1080,907
955,frame_000955.jpg,1920,1080,873
956,frame_000956.jpg,1920,1080,868
957,frame_000957.jpg,1920,1080,862
958,frame_000958.jpg,1920,1080,854
959,frame_000959.jpg,1920,1080,905
960,frame_000960.jpg,1920,1080,881
961,frame_000961.jpg,1920,1080,849
962,frame_000962.jpg,1920,1080,843
963,frame_000963.jpg,1920,1080,853
964,frame_000964.jpg,1920,1080,0
965,frame_000965.jpg,1920,1080,849
966,frame_000966.jpg,1920,1080,0
967,frame_000967.jpg,1920,1080,0
968,frame_000968.jpg,1920,1080,1090
969,frame_000969.jpg,1920,1080,0
970,frame_000970.jpg,1920,1080,1106
971,frame_000971.jpg,1920,1080,0
972,frame_000972.jpg,1920,1080,0
973,frame_000973.jpg,1920,1080,0
974,frame_000974.jpg,1920,1080,0
975,frame_000975.jpg,1920,1080,0
976,frame_000976.jpg,1920,1080,0
977,frame_000977.jpg,1920,1080,0
978,frame_000978.jpg,1920,1080,862
979,frame_000979.jpg,1920,1080,1096
980,frame_000980.jpg,1920,1080,856
981,frame_000981.jpg,1920,1080,0
982,frame_000982.jpg,1920,1080,1916
983,frame_000983.jpg,1920,1080,0
984,frame_000984.jpg,1920,1080,0
985,frame_000985.jpg,1920,1080,0
986,frame_000986.jpg,1920,1080,0
987,frame_000987.jpg,1920,1080,843
988,frame_000988.jpg,1920,1080,836
989,frame_000989.jpg,1920,1080,0
990,frame_000990.jpg,1920,1080,0
991,frame_000991.jpg,1920,1080,0
992,frame_000992.jpg,1920,1080,817
993,frame_000993.jpg,1920,1080,0
994,frame_000994.jpg,1920,1080,1092
995,frame_000995.jpg,1920,1080,816
996,frame_000996.jpg,1920,1080,839
997,frame_000997.jpg,1920,1080,854
998,frame_000998.jpg,1920,1080,805
999,frame_000999.jpg,1920,1080,787
1000,frame_001000.jpg,1920,1080,0
1001,frame_001001.jpg,1920,1080,788
1002,frame_001002.jpg,1920,1080,852
1003,frame_001003.jpg,1920,1080,847
1004,frame_001004.jpg,1920,1080,0
1005,frame_001005.jpg,1920,1080,853
1006,frame_001006.jpg,1920,1080,854
1007,frame_001007.jpg,1920,1080,789
1008,frame_001008.jpg,1920,1080,0
1009,frame_001009.jpg,1920,1080,854
1010,frame_001010.jpg,1920,1080,0
1011,frame_001011.jpg,1920,1080,866
1012,frame_001012.jpg,1920,1080,0
1013,frame_001013.jpg,1920,1080,1078
1014,frame_001014.jpg,1920,1080,0
1015,frame_001015.jpg,1920,1080,0
1016,frame_001016.jpg,1920,1080,0
1017,frame_001017.jpg,1920,1080,0
1018,frame_001018.jpg,1920,1080,0
1019,frame_001019.jpg,1920,1080,0
1020,frame_001020.jpg,1920,1080,874
1021,frame_001021.jpg,1920,1080,0
1022,frame_001022.jpg,1920,1080,840
1023,frame_001023.jpg,1920,1080,0
1024,frame_001024.jpg,1920,1080,0
1025,frame_001025.jpg,1920,1080,0
1026,frame_001026.jpg,1920,1080,0
1027,frame_001027.jpg,1920,1080,0
1028,frame_001028.jpg,1920,1080,0
1029,frame_001029.jpg,1920,1080,0
1030,frame_001030.jpg,1920,1080,0
1031,frame_001031.jpg,1920,1080,0
1032,frame_001032.jpg,1920,1080,0
1033,frame_001033.jpg,1920,1080,0
1034,frame_001034.jpg,1920,1080,0
1035,frame_001035.jpg,1920,1080,0
1036,frame_001036.jpg,1920,1080,1062
1037,frame_001037.jpg,1920,1080,0
1038,frame_001038.jpg,1920,1080,0
1039,frame_001039.jpg,1920,1080,0
1040,frame_001040.jpg,1920,1080,0
1041,frame_001041.jpg,1920,1080,0
1042,frame_001042.jpg,1920,1080,0
1043,frame_001043.jpg,1920,1080,0
1044,frame_001044.jpg,1920,1080,1120
1045,frame_001045.jpg,1920,1080,0
1046,frame_001046.jpg,1920,1080,1104
1047,frame_001047.jpg,1920,1080,0
1048,frame_001048.jpg,1920,1080,0
1049,frame_001049.jpg,1920,1080,0
1050,frame_001050.jpg,1920,1080,0
1051,frame_001051.jpg,1920,1080,0
1052,frame_001052.jpg,1920,1080,1098
1053,frame_001053.jpg,1920,1080,1075
1054,frame_001054.jpg,1920,1080,0
1055,frame_001055.jpg,1920,1080,0
1056,frame_001056.jpg,1920,1080,1100
1057,frame_001057.jpg,1920,1080,0
1058,frame_001058.jpg,1920,1080,0
1059,frame_001059.jpg,1920,1080,1114
1060,frame_001060.jpg,1920,1080,0
1061,frame_001061.jpg,1920,1080,0
1062,frame_001062.jpg,1920,1080,1105
1063,frame_001063.jpg,1920,1080,0
1064,frame_001064.jpg,1920,1080,0
1065,frame_001065.jpg,1920,1080,0
1066,frame_001066.jpg,1920,1080,0
1067,frame_001067.jpg,1920,1080,1123
1068,frame_001068.jpg,1920,1080,0
1069,frame_001069.jpg,1920,1080,0
1070,frame_001070.jpg,1920,1080,0
1071,frame_001071.jpg,1920,1080,0
1072,frame_001072.jpg,1920,1080,0
1073,frame_001073.jpg,1920,1080,0
1074,frame_001074.jpg,1920,1080,0
1075,frame_001075.jpg,1920,1080,0
1076,frame_001076.jpg,1920,1080,1125
1077,frame_001077.jpg,1920,1080,1083
1078,frame_001078.jpg,1920,1080,1047
1079,frame_001079.jpg,1920,1080,0
1080,frame_001080.jpg,1920,1080,0
1081,frame_001081.jpg,1920,1080,1098
1082,frame_001082.jpg,1920,1080,1073
1083,frame_001083.jpg,1920,1080,0
1084,frame_001084.jpg,1920,1080,0
1085,frame_001085.jpg,1920,1080,0
1086,frame_001086.jpg,1920,1080,0
1087,frame_001087.jpg,1920,1080,1111
1088,frame_001088.jpg,1920,1080,1106
1089,frame_001089.jpg,1920,1080,0
1090,frame_001090.jpg,1920,1080,0
1091,frame_001091.jpg,1920,1080,0
1092,frame_001092.jpg,1920,1080,0
1093,frame_001093.jpg,1920,1080,1114
1094,frame_001094.jpg,1920,1080,0
1095,frame_001095.jpg,1920,1080,0
1096,frame_001096.jpg,1920,1080,0
1097,frame_001097.jpg,1920,1080,1110
1098,frame_001098.jpg,1920,1080,0
1099,frame_001099.jpg,1920,1080,0
1100,frame_001100.jpg,1920,1080,1061
1101,frame_001101.jpg,1920,1080,0
1102,frame_001102.jpg,1920,1080,0
1103,frame_001103.jpg,1920,1080,0
1104,frame_001104.jpg,1920,1080,1070
1105,frame_001105.jpg,1920,1080,1065
1106,frame_001106.jpg,1920,1080,1099
1107,frame_001107.jpg,1920,1080,0
1108,frame_001108.jpg,1920,1080,0
1109,frame_001109.jpg,1920,1080,1107
1110,frame_001110.jpg,1920,1080,0
1111,frame_001111.jpg,1920,1080,0
1112,frame_001112.jpg,1920,1080,0
1113,frame_001113.jpg,1920,1080,0
1114,frame_001114.jpg,1920,1080,1135
1115,frame_001115.jpg,1920,1080,0
1116,frame_001116.jpg,1920,1080,1076
1117,frame_001117.jpg,1920,1080,1081
1118,frame_001118.jpg,1920,1080,1082
1119,frame_001119.jpg,1920,1080,0
1120,frame_001120.jpg,1920,1080,1075
1121,frame_001121.jpg,1920,1080,1105
1122,frame_001122.jpg,1920,1080,0
1123,frame_001123.jpg,1920,1080,1109
1124,frame_001124.jpg,1920,1080,1044
1125,frame_001125.jpg,1920,1080,1114
1126,frame_001126.jpg,1920,1080,0
1127,frame_001127.jpg,1920,1080,0
1128,frame_001128.jpg,1920,1080,0
1129,frame_001129.jpg,1920,1080,0
1130,frame_001130.jpg,1920,1080,0
1131,frame_001131.jpg,1920,1080,1093
1132,frame_001132.jpg,1920,1080,1115
1133,frame_001133.jpg,1920,1080,0
1134,frame_001134.jpg,1920,1080,0
1135,frame_001135.jpg,1920,1080,0
1136,frame_001136.jpg,1920,1080,0
1137,frame_001137.jpg,1920,1080,1045
1138,frame_001138.jpg,1920,1080,0
1139,frame_001139.jpg,1920,1080,0
1140,frame_001140.jpg,1920,1080,1115
1141,frame_001141.jpg,1920,1080,0
1142,frame_001142.jpg,1920,1080,1101
1143,frame_001143.jpg,1920,1080,0
1144,frame_001144.jpg,1920,1080,1118
1145,frame_001145.jpg,1920,1080,0
1146,frame_001146.jpg,1920,1080,0
1147,frame_001147.jpg,1920,1080,1093
1148,frame_001148.jpg,1920,1080,0
1149,frame_001149.jpg,1920,1080,0
1150,frame_001150.jpg,1920,1080,0
1151,frame_001151.jpg,1920,1080,0
1152,frame_001152.jpg,1920,1080,1082
1153,frame_001153.jpg,1920,1080,0
1154,frame_001154.jpg,1920,1080,0
1155,frame_001155.jpg,1920,1080,1079
1156,frame_001156.jpg,1920,1080,0
1157,frame_001157.jpg,1920,1080,0
1158,frame_001158.jpg,1920,1080,1116
1159,frame_001159.jpg,1920,1080,1081
1160,frame_001160.jpg,1920,1080,0
1161,frame_001161.jpg,1920,1080,1098
1162,frame_001162.jpg,1920,1080,1103
1163,frame_001163.jpg,1920,1080,0
1164,frame_001164.jpg,1920,1080,0
1165,frame_001165.jpg,1920,1080,0
1166,frame_001166.jpg,1920,1080,0
1167,frame_001167.jpg,1920,1080,0
1168,frame_001168.jpg,1920,1080,0
1169,frame_001169.jpg,1920,1080,0
1170,frame_001170.jpg,1920,1080,0
1171,frame_001171.jpg,1920,1080,0
1172,frame_001172.jpg,1920,1080,0
1173,frame_001173.jpg,1920,1080,0
1174,frame_001174.jpg,1920,1080,0
1175,frame_001175.jpg,1920,1080,0
1176,frame_001176.jpg,1920,1080,0
1177,frame_001177.jpg,1920,1080,0
1178,frame_001178.jpg,1920,1080,0
1179,frame_001179.jpg,1920,1080,0
1180,frame_001180.jpg,1920,1080,0
1181,frame_001181.jpg,1920,1080,0
1182,frame_001182.jpg,1920,1080,0
1183,frame_001183.jpg,1920,1080,0
1184,frame_001184.jpg,1920,1080,0
1185,frame_001185.jpg,1920,1080,0
1186,frame_001186.jpg,1920,1080,0
1187,frame_001187.jpg,1920,1080,1058
1188,frame_001188.jpg,1920,1080,0
1189,frame_001189.jpg,1920,1080,0
1190,frame_001190.jpg,1920,1080,1107
1191,frame_001191.jpg,1920,1080,0
1192,frame_001192.jpg,1920,1080,0
1193,frame_001193.jpg,1920,1080,0
1194,frame_001194.jpg,1920,1080,0
1195,frame_001195.jpg,1920,1080,0
1196,frame_001196.jpg,1920,1080,0
1197,frame_001197.jpg,1920,1080,0
1198,frame_001198.jpg,1920,1080,0
1199,frame_001199.jpg,1920,1080,0
1200,frame_001200.jpg,1920,1080,0
1201,frame_001201.jpg,1920,1080,0
1202,frame_001202.jpg,1920,1080,0
1203,frame_001203.jpg,1920,1080,1099
1204,frame_001204.jpg,1920,1080,0
1205,frame_001205.jpg,1920,1080,0
1206,frame_001206.jpg,1920,1080,0
1207,frame_001207.jpg,1920,1080,0
1208,frame_001208.jpg,1920,1080,0
1209,frame_001209.jpg,1920,1080,0
1210,frame_001210.jpg,1920,1080,0
1211,frame_001211.jpg,1920,1080,0
1212,frame_001212.jpg,1920,1080,0
1213,frame_001213.jpg,1920,1080,0
1214,frame_001214.jpg,1920,1080,0
1215,frame_001215.jpg,1920,1080,1077
1216,frame_001216.jpg,1920,1080,0
1217,frame_001217.jpg,752,480,0
1218,frame_001218.jpg,752,480,0
1219,frame_001219.jpg,752,480,0
1220,frame_001220.jpg,752,480,0
1221,frame_001221.jpg,752,480,0
1222,frame_001222.jpg,752,480,1373
1223,frame_001223.jpg,752,480,0
1224,frame_001224.jpg,752,480,0
1225,frame_001225.jpg,752,480,0
1226,frame_001226.jpg,752,480,0
1227,frame_001227.jpg,752,480,0
1228,frame_001228.jpg,752,480,0
1229,frame_001229.jpg,752,480,0
1230,frame_001230.jpg,752,480,0
1231,frame_001231.jpg,752,480,0
1232,frame_001232.jpg,752,480,0
1233,frame_001233.jpg,752,480,0
1234,frame_001234.jpg,752,480,0
1235,frame_001235.jpg,752,480,0
1236,frame_001236.jpg,752,480,0
1237,frame_001237.jpg,752,480,0
1238,frame_001238.jpg,752,480,0
1239,frame_001239.jpg,752,480,0
1240,frame_001240.jpg,752,480,0
1241,frame_001241.jpg,752,480,0
1242,frame_001242.jpg,752,480,0
1243,frame_001243.jpg,752,480,0
1244,frame_001244.jpg,752,480,0
1245,frame_001245.jpg,752,480,0
1246,frame_001246.jpg,752,480,0
1247,frame_001247.jpg,752,480,0
1248,frame_001248.jpg,752,480,0
1249,frame_001249.jpg,752,480,0
1250,frame_001250.jpg,752,480,0
1251,frame_001251.jpg,752,480,0
1252,frame_001252.jpg,752,480,0
1253,frame_001253.jpg,752,480,0
1254,frame_001254.jpg,752,480,0
1255,frame_001255.jpg,752,480,0
1256,frame_001256.jpg,752,480,0
1257,frame_001257.jpg,752,480,0
1258,frame_001258.jpg,752,480,0
1259,frame_001259.jpg,752,480,0
1260,frame_001260.jpg,752,480,0
1261,frame_001261.jpg,752,480,0
1262,frame_001262.jpg,752,480,0
1263,frame_001263.jpg,752,480,0
1264,frame_001264.jpg,752,480,0
1265,frame_001265.jpg,752,480,0
1266,frame_001266.jpg,752,480,0
1267,frame_001267.jpg,752,480,0
1268,frame_001268.jpg,752,480,0
1269,frame_001269.jpg,752,480,0
1270,frame_001270.jpg,752,480,0
1271,frame_001271.jpg,752,480,0
1272,frame_001272.jpg,752,480,0
1273,frame_001273.jpg,752,480,0
1274,frame_001274.jpg,752,480,0
1275,frame_001275.jpg,752,480,0
1276,frame_001276.jpg,752,480,2240
1277,frame_001277.jpg,752,480,0
1278,frame_001278.jpg,752,480,0
1279,frame_001279.jpg,752,480,2209
1280,frame_001280.jpg,752,480,1363
1281,frame_001281.jpg,752,480,0
1282,frame_001282.jpg,752,480,0
1283,frame_001283.jpg,752,480,0
1284,frame_001284.jpg,752,480,0
1285,frame_001285.jpg,752,480,6215
1286,frame_001286.jpg,752,480,0
1287,frame_001287.jpg,752,480,0
1288,frame_001288.jpg,752,480,5833
1289,frame_001289.jpg,752,480,0
1290,frame_001290.jpg,752,480,0
1291,frame_001291.jpg,752,480,0
1292,frame_001292.jpg,752,480,6192
1293,frame_001293.jpg,752,480,0
1294,frame_001294.jpg,752,480,0
1295,frame_001295.jpg,752,480,6282
1296,frame_001296.jpg,752,480,0
1297,frame_001297.jpg,752,480,0
1298,frame_001298.jpg,752,480,0
1299,frame_001299.jpg,752,480,6184
1300,frame_001300.jpg,752,480,0
1301,frame_001301.jpg,752,480,6065
1302,frame_001302.jpg,752,480,7415
1303,frame_001303.jpg,752,480,0
1304,frame_001304.jpg,752,480,0
1305,frame_001305.jpg,752,480,0
1306,frame_001306.jpg,752,480,6319
1307,frame_001307.jpg,752,480,0
1308,frame_001308.jpg,752,480,6176
1309,frame_001309.jpg,752,480,0
1310,frame_001310.jpg,752,480,0
1311,frame_001311.jpg,752,480,0
1312,frame_001312.jpg,752,480,0
1313,frame_001313.jpg,752,480,0
1314,frame_001314.jpg,752,480,0
1315,frame_001315.jpg,752,480,3304
1316,frame_001316.jpg,752,480,0
1317,frame_001317.jpg,752,480,0
1318,frame_001318.jpg,752,480,0
1319,frame_001319.jpg,752,480,0
1320,frame_001320.jpg,752,480,0
1321,frame_001321.jpg,752,480,0
1322,frame_001322.jpg,752,480,0
1323,frame_001323.jpg,752,480,0
1324,frame_001324.jpg,752,480,0
1325,frame_001325.jpg,752,480,0
1326,frame_001326.jpg,752,480,0
1327,frame_001327.jpg,752,480,0
1328,frame_001328.jpg,752,480,0
1329,frame_001329.jpg,752,480,0
1330,frame_001330.jpg,752,480,0
1331,frame_001331.jpg,752,480,0
1332,frame_001332.jpg,752,480,0
1333,frame_001333.jpg,752,480,0
1334,frame_001334.jpg,752,480,0
1335,frame_001335.jpg,752,480,0
1336,frame_001336.jpg,752,480,0
1337,frame_001337.jpg,752,480,0
1338,frame_001338.jpg,752,480,0
1339,frame_001339.jpg,752,480,0
1340,frame_001340.jpg,752,480,0
1341,frame_001341.jpg,752,480,0
1342,frame_001342.jpg,752,480,0
1343,frame_001343.jpg,752,480,0
1344,frame_001344.jpg,752,480,0
1345,frame_001345.jpg,752,480,1119
1346,frame_001346.jpg,752,480,1118
1347,frame_001347.jpg,752,480,0
1348,frame_001348.jpg,752,480,1104
1349,frame_001349.jpg,752,480,1090
1350,frame_001350.jpg,752,480,0
1351,frame_001351.jpg,752,480,1046
1352,frame_001352.jpg,752,480,1079
1353,frame_001353.jpg,752,480,1069
1354,frame_001354.jpg,752,480,1088
1355,frame_001355.jpg,752,480,7846
1356,frame_001356.jpg,752,480,1107
1357,frame_001357.jpg,752,480,1123
1358,frame_001358.jpg,752,480,1109
1359,frame_001359.jpg,752,480,1124
1360,frame_001360.jpg,752,480,1038
1361,frame_001361.jpg,752,480,1061
1362,frame_001362.jpg,752,480,1097
1363,frame_001363.jpg,752,480,1076
1364,frame_001364.jpg,752,480,2613
1365,frame_001365.jpg,752,480,0
1366,frame_001366.jpg,752,480,1114
1367,frame_001367.jpg,752,480,1109
1368,frame_001368.jpg,752,480,1071
1369,frame_001369.jpg,752,480,956
1370,frame_001370.jpg,752,480,855
1371,frame_001371.jpg,752,480,0
1372,frame_001372.jpg,752,480,0
1373,frame_001373.jpg,752,480,0
1374,frame_001374.jpg,752,480,0
1375,frame_001375.jpg,752,480,0
1376,frame_001376.jpg,752,480,1362
1377,frame_001377.jpg,752,480,1496
1378,frame_001378.jpg,752,480,0
1379,frame_001379.jpg,752,480,0
1380,frame_001380.jpg,752,480,0
1381,frame_001381.jpg,752,480,0
1382,frame_001382.jpg,752,480,0
1383,frame_001383.jpg,752,480,0
1384,frame_001384.jpg,752,480,1158
1385,frame_001385.jpg,752,480,1208
1386,frame_001386.jpg,752,480,1147
1387,frame_001387.jpg,752,480,1175
1388,frame_001388.jpg,752,480,0
1389,frame_001389.jpg,752,480,0
1390,frame_001390.jpg,752,480,0
1391,frame_001391.jpg,752,480,0
1392,frame_001392.jpg,752,480,0
1393,frame_001393.jpg,752,480,0
1394,frame_001394.jpg,752,480,0
1395,frame_001395.jpg,752,480,0
1396,frame_001396.jpg,752,480,0
1397,frame_001397.jpg,752,480,0
1398,frame_001398.jpg,752,480,0
1399,frame_001399.jpg,752,480,0
1400,frame_001400.jpg,752,480,0
1401,frame_001401.jpg,752,480,0
1402,frame_001402.jpg,752,480,0
1403,frame_001403.jpg,752,480,0
1404,frame_001404.jpg,752,480,0
1405,frame_001405.jpg,752,480,0
1406,frame_001406.jpg,752,480,0
1407,frame_001407.jpg,752,480,0
1408,frame_001408.jpg,752,480,0
1409,frame_001409.jpg,752,480,0
1410,frame_001410.jpg,752,480,0
1411,frame_001411.jpg,752,480,0
1412,frame_001412.jpg,752,480,0
1413,frame_001413.jpg,752,480,0
1414,frame_001414.jpg,752,480,0
1415,frame_001415.jpg,752,480,0
1416,frame_001416.jpg,752,480,0
1417,frame_001417.jpg,752,480,0
1418,frame_001418.jpg,752,480,0
1419,frame_001419.jpg,752,480,0
1420,frame_001420.jpg,752,480,0
1421,frame_001421.jpg,752,480,0
1422,frame_001422.jpg,752,480,0
1423,frame_001423.jpg,752,480,0
1424,frame_001424.jpg,752,480,0
1425,frame_001425.jpg,752,480,0
1426,frame_001426.jpg,752,480,0
1427,frame_001427.jpg,752,480,0
1428,frame_001428.jpg,752,480,0
1429,frame_001429.jpg,752,480,0
1430,frame_001430.jpg,752,480,0
1431,frame_001431.jpg,752,480,0
1432,frame_001432.jpg,752,480,0
1433,frame_001433.jpg,752,480,5569
1434,frame_001434.jpg,752,480,0
1435,frame_001435.jpg,752,480,0
1436,frame_001436.jpg,752,480,0
1437,frame_001437.jpg,752,480,0
1438,frame_001438.jpg,752,480,0
1439,frame_001439.jpg,752,480,0
1440,frame_001440.jpg,752,480,0
1441,frame_001441.jpg,752,480,0
1442,frame_001442.jpg,752,480,0
1443,frame_001443.jpg,752,480,0
1444,frame_001444.jpg,752,480,0
1445,frame_001445.jpg,752,480,0
1446,frame_001446.jpg,752,480,5473
1447,frame_001447.jpg,752,480,0
1448,frame_001448.jpg,752,480,0
1449,frame_001449.jpg,752,480,0
1450,frame_001450.jpg,752,480,4617
1451,frame_001451.jpg,752,480,4678
1452,frame_001452.jpg,752,480,4482
1453,frame_001453.jpg,752,480,4731
1454,frame_001454.jpg,752,480,0
1455,frame_001455.jpg,752,480,0
1456,frame_001456.jpg,752,480,0
1457,frame_001457.jpg,752,480,0
1458,frame_001458.jpg,752,480,0
1459,frame_001459.jpg,752,480,0
1460,frame_001460.jpg,752,480,0
1461,frame_001461.jpg,752,480,0
1462,frame_001462.jpg,752,480,0
1463,frame_001463.jpg,752,480,0
1464,frame_001464.jpg,752,480,0
1465,frame_001465.jpg,752,480,0
1466,frame_001466.jpg,752,480,0
1467,frame_001467.jpg,752,480,0
1468,frame_001468.jpg,752,480,0
1469,frame_001469.jpg,752,480,0
1470,frame_001470.jpg,752,480,0
1471,frame_001471.jpg,752,480,0
1472,frame_001472.jpg,752,480,0
1473,frame_001473.jpg,752,480,0
1474,frame_001474.jpg,752,480,0
1475,frame_001475.jpg,752,480,0
1476,frame_001476.jpg,752,480,0
1477,frame_001477.jpg,752,480,0
1478,frame_001478.jpg,752,480,0
1479,frame_001479.jpg,752,480,0
1480,frame_001480.jpg,752,480,0
1481,frame_001481.jpg,752,480,0
1482,frame_001482.jpg,752,480,0
1483,frame_001483.jpg,752,480,0
1484,frame_001484.jpg,752,480,0
1485,frame_001485.jpg,752,480,0
1486,frame_001486.jpg,752,480,0
1487,frame_001487.jpg,752,480,0
1488,frame_001488.jpg,752,480,0
1489,frame_001489.jpg,752,480,0
1490,frame_001490.jpg,752,480,0
1491,frame_001491.jpg,752,480,0
1492,frame_001492.jpg,752,480,0
1493,frame_001493.jpg,752,480,0
1494,frame_001494.jpg,752,480,0
1495,frame_001495.jpg,752,480,0
1496,frame_001496.jpg,752,480,0
1497,frame_001497.jpg,752,480,0
1498,frame_001498.jpg,752,480,0
1499,frame_001499.jpg,752,480,0
1500,frame_001500.jpg,752,480,0
1501,frame_001501.jpg,752,480,0
1502,frame_001502.jpg,752,480,0
1503,frame_001503.jpg,752,480,0
1504,frame_001504.jpg,752,480,0
1505,frame_001505.jpg,752,480,0
1506,frame_001506.jpg,752,480,0
1507,frame_001507.jpg,752,480,0
1508,frame_001508.jpg,752,480,0
1509,frame_001509.jpg,752,480,0
1510,frame_001510.jpg,752,480,0
1511,frame_001511.jpg,752,480,0
1512,frame_001512.jpg,752,480,0
1513,frame_001513.jpg,752,480,0
1514,frame_001514.jpg,752,480,3540
1515,frame_001515.jpg,752,480,3517
1516,frame_001516.jpg,752,480,0
1517,frame_001517.jpg,752,480,0
1518,frame_001518.jpg,752,480,0
1519,frame_001519.jpg,752,480,0
1520,frame_001520.jpg,752,480,0
1521,frame_001521.jpg,752,480,0
1522,frame_001522.jpg,752,480,0
1523,frame_001523.jpg,752,480,3616
1524,frame_001524.jpg,752,480,0
1525,frame_001525.jpg,752,480,0
1526,frame_001526.jpg,752,480,0
1527,frame_001527.jpg,752,480,0
1528,frame_001528.jpg,752,480,3572
1529,frame_001529.jpg,752,480,3613
1530,frame_001530.jpg,752,480,0
1531,frame_001531.jpg,752,480,0
1532,frame_001532.jpg,752,480,0
1533,frame_001533.jpg,752,480,0
1534,frame_001534.jpg,752,480,0
1535,frame_001535.jpg,752,480,0
1536,frame_001536.jpg,752,480,0
1537,frame_001537.jpg,752,480,0
1538,frame_001538.jpg,752,480,0
1539,frame_001539.jpg,752,480,0
1540,frame_001540.jpg,752,480,0
1541,frame_001541.jpg,752,480,0
1542,frame_001542.jpg,752,480,0
1543,frame_001543.jpg,752,480,0
1544,frame_001544.jpg,752,480,0
1545,frame_001545.jpg,752,480,0
1546,frame_001546.jpg,752,480,0
1547,frame_001547.jpg,752,480,0
1548,frame_001548.jpg,752,480,0
1549,frame_001549.jpg,752,480,1352
1550,frame_001550.jpg,752,480,0
1551,frame_001551.jpg,752,480,0
1552,frame_001552.jpg,752,480,0
1553,frame_001553.jpg,752,480,0
1554,frame_001554.jpg,752,480,0
1555,frame_001555.jpg,752,480,0
1556,frame_001556.jpg,752,480,0
1557,frame_001557.jpg,752,480,0
1558,frame_001558.jpg,752,480,0
1559,frame_001559.jpg,752,480,0
1560,frame_001560.jpg,752,480,0
1561,frame_001561.jpg,752,480,4155
1562,frame_001562.jpg,752,480,0
1563,frame_001563.jpg,752,480,0
1564,frame_001564.jpg,752,480,0
1565,frame_001565.jpg,752,480,0
1566,frame_001566.jpg,752,480,0
1567,frame_001567.jpg,752,480,0
1568,frame_001568.jpg,752,480,0
1569,frame_001569.jpg,752,480,0
1570,frame_001570.jpg,752,480,0
1571,frame_001571.jpg,752,480,0
1572,frame_001572.jpg,752,480,0
1573,frame_001573.jpg,752,480,0
1574,frame_001574.jpg,752,480,0
1575,frame_001575.jpg,752,480,0
1576,frame_001576.jpg,752,480,0
1577,frame_001577.jpg,752,480,0
1578,frame_001578.jpg,752,480,0
1579,frame_001579.jpg,752,480,0
1580,frame_001580.jpg,752,480,0
1581,frame_001581.jpg,752,480,0
1582,frame_001582.jpg,752,480,0
1583,frame_001583.jpg,752,480,0
1584,frame_001584.jpg,752,480,0
1585,frame_001585.jpg,752,480,0
1586,frame_001586.jpg,752,480,5818
1587,frame_001587.jpg,752,480,0
1588,frame_001588.jpg,752,480,0
1589,frame_001589.jpg,752,480,0
1590,frame_001590.jpg,752,480,0
1591,frame_001591.jpg,752,480,0
1592,frame_001592.jpg,752,480,0
1593,frame_001593.jpg,752,480,0
1594,frame_001594.jpg,752,480,0
1595,frame_001595.jpg,752,480,0
1596,frame_001596.jpg,752,480,0
1597,frame_001597.jpg,752,480,0
1598,frame_001598.jpg,752,480,0
1599,frame_001599.jpg,752,480,0
1600,frame_001600.jpg,752,480,0
1601,frame_001601.jpg,752,480,0
1602,frame_001602.jpg,752,480,0
1603,frame_001603.jpg,752,480,0
1604,frame_001604.jpg,752,480,0
1605,frame_001605.jpg,752,480,0
1606,frame_001606.jpg,752,480,0
1607,frame_001607.jpg,752,480,0
1608,frame_001608.jpg,752,480,0
1609,frame_001609.jpg,752,480,0
1610,frame_001610.jpg,752,480,0
1611,frame_001611.jpg,752,480,0
1612,frame_001612.jpg,752,480,0
1613,frame_001613.jpg,752,480,0
1614,frame_001614.jpg,752,480,0
1615,frame_001615.jpg,752,480,0
1616,frame_001616.jpg,752,480,0
1617,frame_001617.jpg,752,480,0
1618,frame_001618.jpg,752,480,0
1619,frame_001619.jpg,752,480,0
1620,frame_001620.jpg,752,480,0
1621,frame_001621.jpg,752,480,0
1622,frame_001622.jpg,752,480,0
1623,frame_001623.jpg,752,480,0
1624,frame_001624.jpg,752,480,0
1625,frame_001625.jpg,752,480,0
1626,frame_001626.jpg,752,480,0
1627,frame_001627.jpg,752,480,0
1628,frame_001628.jpg,752,480,0
1629,frame_001629.jpg,752,480,0
1630,frame_001630.jpg,752,480,0
1631,frame_001631.jpg,752,480,0
1632,frame_001632.jpg,752,480,0
1633,frame_001633.jpg,752,480,0
1634,frame_001634.jpg,752,480,0
1635,frame_001635.jpg,752,480,0
1636,frame_001636.jpg,752,480,0
1637,frame_001637.jpg,752,480,0
1638,frame_001638.jpg,752,480,0
1639,frame_001639.jpg,752,480,0
1640,frame_001640.jpg,752,480,0
1641,frame_001641.jpg,752,480,0
1642,frame_001642.jpg,752,480,0
1643,frame_001643.jpg,752,480,5493
1644,frame_001644.jpg,752,480,5368
1645,frame_001645.jpg,752,480,5922
1646,frame_001646.jpg,752,480,5541
1647,frame_001647.jpg,752,480,0
1648,frame_001648.jpg,752,480,0
1649,frame_001649.jpg,752,480,0
1650,frame_001650.jpg,752,480,0
1651,frame_001651.jpg,752,480,0
1652,frame_001652.jpg,752,480,0
1653,frame_001653.jpg,752,480,0
1654,frame_001654.jpg,752,480,0
1655,frame_001655.jpg,752,480,0
1656,frame_001656.jpg,752,480,0
1657,frame_001657.jpg,752,480,0
1658,frame_001658.jpg,752,480,0
1659,frame_001659.jpg,752,480,0
1660,frame_001660.jpg,752,480,0
1661,frame_001661.jpg,752,480,0
1662,frame_001662.jpg,752,480,0
1663,frame_001663.jpg,752,480,0
1664,frame_001664.jpg,752,480,0
1665,frame_001665.jpg,752,480,0
1666,frame_001666.jpg,752,480,0
1667,frame_001667.jpg,752,480,0
1668,frame_001668.jpg,752,480,0
1669,frame_001669.jpg,752,480,0
1670,frame_001670.jpg,752,480,0
1671,frame_001671.jpg,752,480,0
1672,frame_001672.jpg,752,480,0
1673,frame_001673.jpg,752,480,0
1674,frame_001674.jpg,752,480,0
1675,frame_001675.jpg,752,480,0
1676,frame_001676.jpg,752,480,0
1677,frame_001677.jpg,752,480,0
1678,frame_001678.jpg,752,480,0
1679,frame_001679.jpg,752,480,0
1680,frame_001680.jpg,752,480,0
1681,frame_001681.jpg,752,480,0
1682,frame_001682.jpg,752,480,0
1683,frame_001683.jpg,752,480,0
1684,frame_001684.jpg,752,480,0
1685,frame_001685.jpg,752,480,0
1686,frame_001686.jpg,752,480,0
1687,frame_001687.jpg,752,480,0
1688,frame_001688.jpg,752,480,0
1689,frame_001689.jpg,752,480,0
1690,frame_001690.jpg,752,480,0
1691,frame_001691.jpg,752,480,0
1692,frame_001692.jpg,752,480,0
1693,frame_001693.jpg,752,480,0
1694,frame_001694.jpg,752,480,0
1695,frame_001695.jpg,752,480,0
1696,frame_001696.jpg,752,480,0
1697,frame_001697.jpg,752,480,0
1698,frame_001698.jpg,752,480,0
1699,frame_001699.jpg,752,480,0
1700,frame_001700.jpg,752,480,0
1701,frame_001701.jpg,752,480,0
1702,frame_001702.jpg,752,480,0
1703,frame_001703.jpg,752,480,5680
1704,frame_001704.jpg,752,480,6297
1705,frame_001705.jpg,752,480,5696
1706,frame_001706.jpg,752,480,4640
1707,frame_001707.jpg,752,480,0
1708,frame_001708.jpg,752,480,0
1709,frame_001709.jpg,752,480,0
1710,frame_001710.jpg,752,480,0
1711,frame_001711.jpg,752,480,0
1712,frame_001712.jpg,752,480,0
1713,frame_001713.jpg,752,480,0
1714,frame_001714.jpg,752,480,0
1715,frame_001715.jpg,752,480,0
1716,frame_001716.jpg,752,480,0
1717,frame_001717.jpg,752,480,0
1718,frame_001718.jpg,752,480,0
1719,frame_001719.jpg,752,480,0
1720,frame_001720.jpg,752,480,0
1721,frame_001721.jpg,752,480,0
1722,frame_001722.jpg,752,480,0
1723,frame_001723.jpg,752,480,0
1724,frame_001724.jpg,752,480,0
1725,frame_001725.jpg,752,480,0
1726,frame_001726.jpg,752,480,0
1727,frame_001727.jpg,752,480,0
1728,frame_001728.jpg,752,480,0
1729,frame_001729.jpg,752,480,0
1730,frame_001730.jpg,752,480,0
1731,frame_001731.jpg,752,480,0
1732,frame_001732.jpg,752,480,0
1733,frame_001733.jpg,752,480,0
1734,frame_001734.jpg,752,480,0
1735,frame_001735.jpg,752,480,0
1736,frame_001736.jpg,752,480,0
1737,frame_001737.jpg,752,480,0
1738,frame_001738.jpg,752,480,0
1739,frame_001739.jpg,752,480,0
1740,frame_001740.jpg,752,480,0
1741,frame_001741.jpg,752,480,0
1742,frame_001742.jpg,752,480,0
1743,frame_001743.jpg,752,480,0
1744,frame_001744.jpg,752,480,0
1745,frame_001745.jpg,752,480,0
1746,frame_001746.jpg,752,480,0
1747,frame_001747.jpg,752,480,0
1748,frame_001748.jpg,752,480,0
1749,frame_001749.jpg,752,480,0
1750,frame_001750.jpg,752,480,0
1751,frame_001751.jpg,752,480,0
1752,frame_001752.jpg,752,480,0
1753,frame_001753.jpg,752,480,0
1754,frame_001754.jpg,752,480,0
1755,frame_001755.jpg,752,480,0
1756,frame_001756.jpg,752,480,0
1757,frame_001757.jpg,752,480,0
1758,frame_001758.jpg,752,480,0
1759,frame_001759.jpg,752,480,0
1760,frame_001760.jpg,752,480,0
1761,frame_001761.jpg,752,480,0
1762,frame_001762.jpg,752,480,0
1763,frame_001763.jpg,752,480,0
1764,frame_001764.jpg,752,480,0
1765,frame_001765.jpg,752,480,0
1766,frame_001766.jpg,752,480,0
1767,frame_001767.jpg,752,480,0
1768,frame_001768.jpg,752,480,0
1769,frame_001769.jpg,752,480,0
1770,frame_001770.jpg,752,480,0
1771,frame_001771.jpg,752,480,0
1772,frame_001772.jpg,752,480,0
1773,frame_001773.jpg,752,480,0
1774,frame_001774.jpg,752,480,0
1775,frame_001775.jpg,752,480,0
1776,frame_001776.jpg,752,480,0
1777,frame_001777.jpg,752,480,0
1778,frame_001778.jpg,752,480,0
1779,frame_001779.jpg,752,480,0
1780,frame_001780.jpg,752,480,0
1781,frame_001781.jpg,752,480,0
1782,frame_001782.jpg,752,480,0
1783,frame_001783.jpg,752,480,0
1784,frame_001784.jpg,752,480,0
1785,frame_001785.jpg,752,480,0
1786,frame_001786.jpg,752,480,0
1787,frame_001787.jpg,752,480,0
1788,frame_001788.jpg,752,480,0
1789,frame_001789.jpg,752,480,0
1790,frame_001790.jpg,752,480,0
1791,frame_001791.jpg,752,480,0
1792,frame_001792.jpg,752,480,0
1793,frame_001793.jpg,752,480,0
1794,frame_001794.jpg,752,480,0
1795,frame_001795.jpg,752,480,0
1796,frame_001796.jpg,752,480,0
1797,frame_001797.jpg,752,480,0
1798,frame_001798.jpg,752,480,0
1799,frame_001799.jpg,752,480,0
1800,frame_001800.jpg,752,480,0
1801,frame_001801.jpg,752,480,0
1802,frame_001802.jpg,752,480,0
1803,frame_001803.jpg,752,480,0
1804,frame_001804.jpg,752,480,0
1805,frame_001805.jpg,752,480,0
1806,frame_001806.jpg,752,480,0
1807,frame_001807.jpg,752,480,0
1808,frame_001808.jpg,752,480,0
1809,frame_001809.jpg,752,480,0
1810,frame_001810.jpg,752,480,0
1811,frame_001811.jpg,752,480,0
1812,frame_001812.jpg,752,480,0
