epoch,time,train/box_loss,train/cls_loss,train/dfl_loss,metrics/precision(B),metrics/recall(B),metrics/mAP50(B),metrics/mAP50-95(B),val/box_loss,val/cls_loss,val/dfl_loss,lr/pg0,lr/pg1,lr/pg2
1,36.7998,0.25877,103.691,0.15703,0,0,0,0,0.02558,137.399,0.01455,0.00058,0.00058,0.00058
2,68.1009,0.19165,71.41,0.10798,0,0,0,0,0.01871,70.2763,0.01047,0.00116832,0.00116832,0.00116832
3,96.4545,0.75546,57.3212,0.36538,0,0,0,0,6.79237,24.9041,2.51459,0.00174476,0.00174476,0.00174476
4,124.637,3.83255,35.8855,1.5792,0,0,0,0,3.42406,6.77319,2.46298,0.0019406,0.0019406,0.0019406
5,153.037,4.07694,10.8713,1.58847,0,0,0,0,0.00302,40.3965,0.00211,0.0019208,0.0019208,0.0019208
6,195.757,3.90323,5.84751,1.3367,0,0,0,0,0,1.6909,0,0.001901,0.001901,0.001901
7,227.139,3.65677,5.12101,1.2813,0.00281,0.84298,0.02175,0.00435,3.23743,5.60126,1.20489,0.0018812,0.0018812,0.0018812
8,257.459,3.46792,4.5286,1.2614,0.00143,0.42975,0.01476,0.00467,3.52379,5.41604,1.41587,0.0018614,0.0018614,0.0018614
9,289.853,3.53803,4.29716,1.26294,0.00478,0.82645,0.01905,0.00445,3.26824,3.78803,1.24508,0.0018416,0.0018416,0.0018416
10,321.357,3.35189,3.97886,1.21583,0.00359,0.47107,0.01838,0.00473,3.18708,3.92413,1.18699,0.0018218,0.0018218,0.0018218
11,353.361,3.37896,3.8125,1.20038,0.00352,0.86777,0.0342,0.00791,3.12363,3.59629,1.16244,0.001802,0.001802,0.001802
12,382.917,3.27619,3.57673,1.17107,0.00539,0.86777,0.05939,0.0134,3.00743,3.26625,1.09834,0.0017822,0.0017822,0.0017822
13,469.541,3.19868,3.39471,1.17351,0.01204,0.46281,0.04445,0.00939,3.26992,3.69371,1.17514,0.0017624,0.0017624,0.0017624
14,505.688,3.22915,3.25149,1.18516,0.1419,0.44628,0.16084,0.05052,2.88999,2.83648,1.13454,0.0017426,0.0017426,0.0017426
15,543.951,3.05067,2.8957,1.13117,0.26946,0.22314,0.2302,0.05571,2.78906,2.7547,1.09362,0.0017228,0.0017228,0.0017228
16,576.955,2.93117,2.54014,1.09767,0.49167,0.17355,0.22203,0.06554,2.7182,2.79465,1.09044,0.001703,0.001703,0.001703
17,608.363,2.73416,2.15639,1.06757,0.78296,0.50685,0.66956,0.27605,2.22085,1.82188,0.9848,0.0016832,0.0016832,0.0016832
18,639.735,2.56324,1.81332,1.04834,0.94163,0.79995,0.86193,0.39189,2.06264,1.3636,0.95448,0.0016634,0.0016634,0.0016634
19,670.227,2.38829,1.62518,0.99742,0.68615,0.73554,0.6122,0.19739,2.38194,1.44639,1.02236,0.0016436,0.0016436,0.0016436
20,701.289,2.30025,1.53097,0.99087,0.38235,0.75207,0.64373,0.27689,2.48027,2.62111,1.00681,0.0016238,0.0016238,0.0016238
21,729.096,2.16008,1.40616,0.96192,0.82988,0.81818,0.81177,0.39177,2.10691,1.36703,0.94855,0.001604,0.001604,0.001604
22,756.714,2.16247,1.2929,0.96398,0.87986,0.66116,0.80609,0.35794,1.96631,1.71151,0.93967,0.0015842,0.0015842,0.0015842
23,783.707,2.14767,1.23764,0.95421,0.93892,0.88936,0.9383,0.44903,1.77584,0.97258,0.89802,0.0015644,0.0015644,0.0015644
24,810.874,2.1032,1.24495,0.97216,0.96509,0.91387,0.9488,0.43864,1.88394,0.90363,0.91301,0.0015446,0.0015446,0.0015446
25,839.276,2.01324,1.16773,0.94678,0.9913,0.94179,0.98321,0.51741,1.67295,0.86966,0.88455,0.0015248,0.0015248,0.0015248
26,866.239,1.9222,1.1311,0.92949,0.9665,0.95381,0.97973,0.51481,1.65024,0.84466,0.87565,0.001505,0.001505,0.001505
27,893.848,1.89622,1.07298,0.93408,0.97285,0.95041,0.9841,0.53624,1.54289,0.83214,0.86018,0.0014852,0.0014852,0.0014852
28,920.594,1.82229,0.98001,0.92396,1,0.97214,0.99279,0.53875,1.62325,0.84863,0.88533,0.0014654,0.0014654,0.0014654
29,947.407,1.80501,0.94835,0.91282,1,0.97422,0.99476,0.50608,1.62106,0.80655,0.86363,0.0014456,0.0014456,0.0014456
30,974.186,1.8228,0.94715,0.9295,0.98103,0.95868,0.97541,0.46059,1.84939,0.83169,0.90277,0.0014258,0.0014258,0.0014258
31,1000.91,1.82725,0.93201,0.91787,0.99752,1,0.995,0.53469,1.63284,0.77722,0.87017,0.001406,0.001406,0.001406
32,1029.06,1.71665,0.88627,0.89307,0.99165,0.98095,0.99443,0.55231,1.55988,0.79579,0.85533,0.0013862,0.0013862,0.0013862
33,1056.2,1.71591,0.87079,0.88018,1,0.96871,0.99376,0.54976,1.62453,0.78603,0.86804,0.0013664,0.0013664,0.0013664
34,1084.72,1.74245,0.88692,0.9066,0.99343,0.98347,0.99492,0.58384,1.5287,0.74095,0.84935,0.0013466,0.0013466,0.0013466
35,1111.76,1.74468,0.83706,0.90386,0.98358,1,0.99475,0.57138,1.54609,0.74091,0.85887,0.0013268,0.0013268,0.0013268
36,1139.01,1.71017,0.82344,0.91983,1,0.99205,0.995,0.51431,1.71444,0.81542,0.8812,0.001307,0.001307,0.001307
37,1165.16,1.75447,0.85307,0.90142,1,0.98184,0.99484,0.52366,1.68816,0.78351,0.86288,0.0012872,0.0012872,0.0012872
38,1191.82,1.7372,0.85194,0.8867,1,0.99113,0.995,0.54868,1.58789,0.72282,0.85777,0.0012674,0.0012674,0.0012674
39,1319.81,1.71854,0.83065,0.89527,0.9914,1,0.995,0.55854,1.54729,0.71172,0.85259,0.0012476,0.0012476,0.0012476
40,1377.45,1.66055,0.81484,0.90113,0.99646,1,0.995,0.57755,1.49718,0.69083,0.84266,0.0012278,0.0012278,0.0012278
41,1555.28,1.68351,0.77142,0.89344,0.99843,1,0.995,0.58076,1.51158,0.6924,0.85201,0.001208,0.001208,0.001208
42,1583.45,1.65889,0.76285,0.894,0.99889,1,0.995,0.55151,1.61683,0.71557,0.84909,0.0011882,0.0011882,0.0011882
43,1613.09,1.59543,0.77654,0.87461,0.99309,1,0.995,0.58208,1.47135,0.65181,0.83968,0.0011684,0.0011684,0.0011684
44,1640.2,1.65105,0.77181,0.89216,1,0.99675,0.995,0.5598,1.55177,0.68436,0.84329,0.0011486,0.0011486,0.0011486
45,1667.1,1.61943,0.76449,0.89175,0.9991,1,0.995,0.58483,1.49496,0.67244,0.83834,0.0011288,0.0011288,0.0011288
46,1693.92,1.59784,0.75461,0.8767,0.99915,1,0.995,0.5896,1.53015,0.6531,0.83752,0.001109,0.001109,0.001109
47,1720.99,1.61819,0.75677,0.88334,0.98911,0.99174,0.99483,0.56343,1.53519,0.67863,0.84691,0.0010892,0.0010892,0.0010892
48,1748.02,1.60072,0.72598,0.88451,0.99872,1,0.995,0.59742,1.5032,0.6753,0.84247,0.0010694,0.0010694,0.0010694
49,1775.28,1.52522,0.70298,0.88413,1,0.92786,0.97342,0.59254,1.50138,1.0436,0.84543,0.0010496,0.0010496,0.0010496
50,1803.09,1.61605,0.73277,0.87886,0.99888,1,0.995,0.57651,1.51566,0.66548,0.84512,0.0010298,0.0010298,0.0010298
51,1829.71,1.55478,0.7256,0.88462,0.99853,1,0.995,0.60629,1.47366,0.64271,0.84113,0.00101,0.00101,0.00101
52,1857.94,1.61157,0.70764,0.89115,0.99906,1,0.995,0.61151,1.44006,0.64678,0.8298,0.0009902,0.0009902,0.0009902
53,1883.86,1.56989,0.72953,0.88211,0.99951,1,0.995,0.61149,1.48565,0.60139,0.83566,0.0009704,0.0009704,0.0009704
54,1910.27,1.55236,0.70154,0.87663,1,0.9739,0.99416,0.5969,1.48384,0.6951,0.83649,0.0009506,0.0009506,0.0009506
55,1936.68,1.54296,0.69626,0.87139,0.99928,1,0.995,0.59027,1.50311,0.63882,0.83444,0.0009308,0.0009308,0.0009308
56,1962.95,1.5336,0.7112,0.87745,0.9987,1,0.995,0.59893,1.46688,0.63685,0.83415,0.000911,0.000911,0.000911
57,1990.76,1.54101,0.69706,0.87351,0.99907,1,0.995,0.60462,1.46288,0.61471,0.82979,0.0008912,0.0008912,0.0008912
58,2363.39,1.48671,0.67227,0.88022,0.99917,1,0.995,0.58993,1.50017,0.6303,0.83337,0.0008714,0.0008714,0.0008714
59,2504.96,1.57129,0.70746,0.87923,0.99907,1,0.995,0.60194,1.45176,0.64521,0.82915,0.0008516,0.0008516,0.0008516
60,2635.21,1.52855,0.6832,0.87294,0.99876,1,0.995,0.60457,1.48365,0.62428,0.83361,0.0008318,0.0008318,0.0008318
61,2663.13,1.55715,0.68752,0.86936,0.99914,1,0.995,0.61519,1.4447,0.61447,0.83302,0.000812,0.000812,0.000812
62,2689.75,1.4858,0.69244,0.86019,0.99882,1,0.995,0.58361,1.48999,0.63908,0.83053,0.0007922,0.0007922,0.0007922
63,2716.49,1.48426,0.67634,0.86713,0.99922,1,0.995,0.61052,1.45255,0.61533,0.82995,0.0007724,0.0007724,0.0007724
64,2742.79,1.5051,0.67931,0.87405,0.99893,1,0.995,0.60654,1.45238,0.61671,0.83575,0.0007526,0.0007526,0.0007526
65,2804.46,1.48176,0.65445,0.85693,0.99905,1,0.995,0.59389,1.46224,0.62803,0.82985,0.0007328,0.0007328,0.0007328
66,2831.58,1.51031,0.6777,0.87185,0.99891,1,0.995,0.60752,1.45188,0.59289,0.82871,0.000713,0.000713,0.000713
67,2858.67,1.4698,0.65611,0.86051,0.99909,1,0.995,0.62172,1.4052,0.61039,0.82543,0.0006932,0.0006932,0.0006932
68,2886.11,1.47953,0.66086,0.86686,0.99902,1,0.995,0.62738,1.4105,0.59092,0.82528,0.0006734,0.0006734,0.0006734
69,2912.87,1.48522,0.65056,0.87223,0.99893,1,0.995,0.5849,1.56251,0.64712,0.84476,0.0006536,0.0006536,0.0006536
70,2940.16,1.50209,0.65713,0.87501,0.99906,1,0.995,0.59178,1.45553,0.62659,0.83049,0.0006338,0.0006338,0.0006338
71,2967.34,1.43768,0.63441,0.86091,0.99932,1,0.995,0.61833,1.42203,0.5962,0.8292,0.000614,0.000614,0.000614
72,2994.85,1.47483,0.63913,0.87319,0.99941,1,0.995,0.61351,1.42085,0.59092,0.83074,0.0005942,0.0005942,0.0005942
73,3022.08,1.46841,0.65254,0.86147,0.99908,1,0.995,0.61942,1.41436,0.60306,0.82397,0.0005744,0.0005744,0.0005744
74,3049.83,1.49628,0.671,0.85982,0.9992,1,0.995,0.61868,1.43292,0.60913,0.82704,0.0005546,0.0005546,0.0005546
75,3076.21,1.45193,0.65823,0.85548,0.99922,1,0.995,0.63065,1.40132,0.57586,0.82634,0.0005348,0.0005348,0.0005348
76,3102.72,1.46449,0.6333,0.87067,0.99879,1,0.995,0.61607,1.41944,0.57921,0.82307,0.000515,0.000515,0.000515
77,3131.83,1.44552,0.63512,0.85993,0.99919,1,0.995,0.60909,1.40047,0.58692,0.82241,0.0004952,0.0004952,0.0004952
78,3160.67,1.42335,0.63432,0.84617,0.99911,1,0.995,0.61568,1.40931,0.59552,0.82491,0.0004754,0.0004754,0.0004754
79,3187.83,1.42851,0.61887,0.85917,0.99926,1,0.995,0.61577,1.41125,0.60206,0.82883,0.0004556,0.0004556,0.0004556
80,3215.41,1.39758,0.62185,0.85317,0.9993,1,0.995,0.59817,1.4099,0.60694,0.82345,0.0004358,0.0004358,0.0004358
81,3243.92,1.38383,0.60791,0.85182,0.99918,1,0.995,0.59508,1.44378,0.5949,0.82573,0.000416,0.000416,0.000416
82,3271.4,1.45224,0.63542,0.8746,0.99906,1,0.995,0.60903,1.44559,0.58925,0.82918,0.0003962,0.0003962,0.0003962
83,3299.32,1.43056,0.62315,0.86251,0.99897,1,0.995,0.61795,1.40586,0.58856,0.8263,0.0003764,0.0003764,0.0003764
84,3327.55,1.42332,0.62544,0.86444,0.9991,1,0.995,0.6316,1.40503,0.56591,0.82692,0.0003566,0.0003566,0.0003566
85,3355.2,1.39878,0.59831,0.86399,0.99893,1,0.995,0.63693,1.40292,0.57732,0.82421,0.0003368,0.0003368,0.0003368
86,3386.9,1.42849,0.61412,0.87006,0.99923,1,0.995,0.60421,1.46044,0.58339,0.82861,0.000317,0.000317,0.000317
87,3420.71,1.38649,0.61424,0.85572,0.9993,1,0.995,0.62913,1.42099,0.57472,0.82478,0.0002972,0.0002972,0.0002972
88,3451.17,1.36252,0.59825,0.84987,0.99917,1,0.995,0.62123,1.44602,0.59745,0.82719,0.0002774,0.0002774,0.0002774
89,3480.48,1.43184,0.61622,0.86038,0.99924,1,0.995,0.62038,1.42552,0.5674,0.82296,0.0002576,0.0002576,0.0002576
90,3508.55,1.41322,0.59897,0.85865,0.99924,1,0.995,0.62888,1.425,0.56724,0.82309,0.0002378,0.0002378,0.0002378
91,3539.45,1.36368,0.61128,0.86413,0.99885,1,0.995,0.61074,1.4377,0.57504,0.82183,0.000218,0.000218,0.000218
92,3571.78,1.29797,0.59387,0.86114,0.99928,1,0.995,0.62354,1.40822,0.56726,0.82062,0.0001982,0.0001982,0.0001982
93,3606.6,1.33993,0.58695,0.86441,0.99929,1,0.995,0.62714,1.42098,0.56644,0.8235,0.0001784,0.0001784,0.0001784
94,3654.89,1.36756,0.59553,0.87016,0.99931,1,0.995,0.62956,1.40134,0.56231,0.82347,0.0001586,0.0001586,0.0001586
95,3691.73,1.31767,0.582,0.85842,0.99938,1,0.995,0.64084,1.40471,0.55252,0.82259,0.0001388,0.0001388,0.0001388
96,3730.6,1.30913,0.55782,0.8618,0.99939,1,0.995,0.62725,1.41975,0.56274,0.8237,0.000119,0.000119,0.000119
97,3769.97,1.30391,0.55701,0.86956,0.99927,1,0.995,0.62777,1.40085,0.55665,0.82233,9.92e-05,9.92e-05,9.92e-05
98,3800.4,1.31194,0.55712,0.8743,0.9994,1,0.995,0.63033,1.41347,0.55535,0.82257,7.94e-05,7.94e-05,7.94e-05
99,3829.45,1.30761,0.57002,0.85766,0.99944,1,0.995,0.63565,1.40829,0.5516,0.82117,5.96e-05,5.96e-05,5.96e-05
100,3875.68,1.26771,0.54921,0.85291,0.99939,1,0.995,0.63815,1.40192,0.55036,0.82026,3.98e-05,3.98e-05,3.98e-05
